probe_id,matched_peak,distance_bp,within_threshold
cg04571941,,10682,False
cg11041161,,16602,False
cg01543583,,17522,False
cg04769798,,7515,False
cg10400707,,2815,False
cg00467244,,17146,False
cg10554839,,3756,False
cg03686593,BRCA_185009,160,True
cg01893212,,12885,False
cg11738485,BRCA_191121,1751,True
cg01252526,BRCA_164285,880,True
cg00177787,,2469,False
cg09265054,,652677,False
cg00928596,,2783,False
cg08857906,,3650,False
cg07113199,,6306,False
cg02791973,BRCA_188587,28,True
cg03596016,,4264,False
cg01207684,BRCA_165196,202,True
cg00773902,,6890,False
cg09799983,BRCA_24813,198,True
cg06041067,,5959,False
cg03117976,BRCA_185009,195,True
cg11472279,,24219,False
cg07570470,,3803,False
cg10210594,BRCA_17496,409,True
cg10220809,,7275,False
cg06546677,,462043,False
cg08508337,,5992,False
cg02297063,BRCA_188587,105,True
cg00627029,,11350,False
cg08154437,,5752,False
cg05297854,BRCA_211935,791,True
cg11017065,,11714,False
cg10126715,BRCA_4479,837,True
cg10788618,,42239,False
cg06297391,BRCA_164197,59,True
cg02085507,BRCA_189835,393,True
cg08901662,BRCA_31130,1404,True
cg08435683,BRCA_198248,714,True
cg10937408,BRCA_182756,957,True
cg07813142,BRCA_32908,955,True
cg08169827,,7942,False
cg02467990,,12899,False
cg10810394,BRCA_191132,275,True
cg02481934,BRCA_69452,298,True
cg11213574,BRCA_211935,796,True
cg04855678,,3462,False
cg02256631,,8849,False
cg06728252,BRCA_69546,1270,True
cg09094964,,6968,False
cg01963134,,143354,False
cg03178838,BRCA_188587,55,True
cg11795854,,12353,False
cg10570241,BRCA_92281,1533,True
cg07795766,,3094,False
cg09130077,BRCA_177681,382,True
cg07970752,,3626,False
cg08234308,BRCA_6964,1194,True
cg08781140,,6882,False
cg01163842,BRCA_155927,1143,True
cg09291131,BRCA_156455,683,True
cg02734505,BRCA_141226,525,True
cg01934626,,3634,False
cg04522310,,3774,False
cg08322244,,7101,False
cg07834955,BRCA_122518,938,True
cg00674365,,16283,False
cg08862890,,11877,False
cg04518342,,29751,False
cg04194674,,6440,False
cg11497957,,5046,False
cg10575376,,2652,False
cg00421363,,2687,False
cg00428457,,30850,False
cg10304637,BRCA_67383,527,True
cg10249637,BRCA_92234,496,True
cg03850936,,9400,False
cg04131969,,40611,False
cg06161600,,13385,False
cg02253760,,68661,False
cg03120555,,6152,False
cg09374838,,2964,False
cg02090762,,16618,False
cg10296238,,937182,False
cg06045337,,6290,False
cg05684406,,64339,False
cg06916001,,2801,False
cg07616879,,844019,False
cg02639181,,14791,False
cg04008888,,10268,False
cg08711175,,2797,False
cg07486474,,10790,False
cg01324372,BRCA_210865,1226,True
cg10327440,,48076,False
cg10304922,,13581,False
cg10286969,,3011,False
cg06060135,BRCA_57651,994,True
cg07371589,,21321,False
cg01239704,,7849,False
cg05191879,,3885,False
cg02629106,,10877,False
cg11376305,BRCA_196553,670,True
cg00916884,BRCA_168524,1144,True
cg05527869,,4806,False
cg10178270,,19610,False
cg01791371,BRCA_72608,896,True
cg06304518,,49338,False
cg11843238,,29666,False
cg00892742,,5275,False
cg09469554,,31318,False
cg05302386,BRCA_153059,1597,True
cg09714458,,8376,False
cg07366506,,26925,False
cg11203512,,21199,False
cg07205203,,11794,False
cg08763705,,7587,False
cg03351460,,6877,False
cg03851965,,15756,False
cg03415617,,130751,False
cg07791866,BRCA_168532,155,True
cg06436185,BRCA_91789,719,True
cg05799507,,2830,False
cg04609841,,4910,False
cg10884288,,9919,False
cg08750951,,3751,False
cg09495643,BRCA_188587,29,True
cg09053680,,1256747,False
cg04780572,,12511,False
cg04399751,,7497,False
cg10864145,BRCA_59529,34,True
cg03480346,BRCA_23519,119,True
cg05696706,,6268,False
cg10530883,BRCA_57651,497,True
cg05951576,,5249,False
cg02005490,,11086,False
cg05135549,,2492,False
cg09296001,,5879,False
cg01140416,,38336,False
cg07016276,,10905,False
cg04037038,,31714,False
cg09106903,,5807,False
cg05306745,,21842,False
cg01963754,BRCA_150761,1590,True
cg10356613,,4791,False
cg09705457,,6578,False
cg02143877,,11232,False
cg08000118,BRCA_106980,285,True
cg08768852,,18254,False
cg11595545,BRCA_9244,1345,True
cg11953245,,14862,False
cg04507515,,6429,False
cg01736164,,6935,False
cg00039441,,64433,False
cg03277455,,2025,False
cg09028204,BRCA_201090,1587,True
cg02770054,,2748,False
cg02837536,,16207,False
cg04784471,,3217,False
cg05839377,BRCA_59473,95,True
cg10034890,,24596,False
cg09493505,,12908,False
cg07687131,,2448,False
cg00582971,,2276,False
cg07229186,BRCA_168524,1385,True
cg02088626,,6265,False
cg00713939,,5975,False
cg07703462,,2993,False
cg04633922,,18259,False
cg04809453,,4772,False
cg05327835,BRCA_49943,1307,True
cg04088969,,24534,False
cg02394578,,6218,False
cg00974761,,5779,False
cg03401096,BRCA_136034,621,True
cg10606490,BRCA_135016,1501,True
cg07976064,,2795,False
cg08822417,,4464,False
cg09841842,,14676,False
cg10130446,,47744,False
cg10747118,BRCA_48227,1689,True
cg01643123,BRCA_141861,100,True
cg06023661,,2169,False
cg07533148,,57734,False
cg07896832,,9118,False
cg08822897,,5507,False
cg07592963,BRCA_125868,173,True
cg01685242,,9598,False
cg01565320,,50858,False
cg07302069,,3971,False
cg03616722,BRCA_150791,933,True
cg05822532,,6202,False
cg10501210,BRCA_17474,950,True
cg08911275,,64422,False
cg01535733,,111595,False
cg08605326,,14303,False
cg08856842,,18194,False
cg06966660,,7361,False
cg07688604,,13577,False
cg03232056,,28569,False
cg07821427,,36223,False
cg03347632,BRCA_19963,711,True
cg07519235,,4134,False
cg03787864,,2326,False
cg06234051,,6885,False
cg00199007,,45005,False
cg10603275,,3859,False
cg03813164,,24211,False
cg04025049,,11085,False
cg05373251,,30503,False
cg02221866,BRCA_69330,199,True
cg07909759,,29319,False
cg08575537,,6020,False
cg06156093,BRCA_15049,310,True
cg11853788,,9842,False
cg07769421,,2981,False
cg06282270,BRCA_129079,1318,True
cg04904331,,12830,False
cg10541864,,11235,False
cg06943420,BRCA_232,552,True
cg10334750,,6547,False
cg07480647,,6957,False
cg08123444,,2102,False
cg08163199,,2197,False
cg06906472,,36360,False
cg02773041,,40801,False
cg04048259,,25099,False
cg06641285,,21826,False
cg09695735,BRCA_179684,46,True
cg03847932,,10626,False
cg10754395,BRCA_92247,1783,True
cg03306374,BRCA_166932,835,True
cg06443533,,16720,False
cg02423318,,33146,False
cg09442654,,6483,False
cg11664500,,5098,False
cg03277049,BRCA_46555,1323,True
cg00083596,,9423,False
cg10546176,BRCA_58987,46,True
cg11716106,BRCA_195996,1728,True
cg06945936,,15553,False
cg03044249,BRCA_86694,877,True
cg03753331,,308842,False
cg10941566,,28053,False
cg01117269,,18685,False
cg05562381,,3659,False
cg05982460,,4046,False
cg09172548,BRCA_137244,1632,True
cg03397307,BRCA_137244,1430,True
cg05593887,,7427,False
cg02776659,,1049414,False
cg09827752,,13448,False
cg08105834,,20266,False
cg03736795,,6654,False
cg09360770,,9593,False
cg06421774,,27468,False
cg11108115,,2877,False
cg10485664,,48720,False
cg10805850,,8202,False
cg07997936,BRCA_69392,24,True
cg06946452,,7870,False
cg09229918,BRCA_164683,414,True
cg00373707,,15152,False
cg05663341,,20271,False
cg02503159,BRCA_67300,15,True
cg04283162,,39491,False
cg11014373,,5889,False
cg07293445,,18242,False
cg08708961,,16176,False
cg11347582,,4303,False
cg11544692,,2477,False
cg07697895,,8224,False
cg03017520,,257606,False
cg05417127,BRCA_164633,50,True
cg11660879,,42092,False
cg00078968,,2723,False
cg09527126,,86310,False
cg03942855,BRCA_9168,208,True
cg08478151,BRCA_129683,120,True
cg05649108,,6103,False
cg04568492,,2793,False
cg06733794,,7457,False
cg03604011,BRCA_57344,138,True
cg10069493,,57208,False
cg04599026,,20168,False
cg10732215,BRCA_117440,986,True
cg06417478,BRCA_191121,1905,True
cg08162372,,2253,False
cg05375728,,12179,False
cg04508482,BRCA_49943,1202,True
cg05990549,,35667,False
cg04550737,BRCA_9935,1479,True
cg02848961,,3616,False
cg08880849,BRCA_176401,244,True
cg09599843,,42256,False
cg06042504,,14077,False
cg01642521,,7958,False
cg06924241,,8676,False
cg09777525,BRCA_181929,462,True
cg08000684,BRCA_190800,537,True
cg11487526,,85370,False
cg03949284,BRCA_70461,287,True
cg00241712,BRCA_210960,952,True
cg10762626,,121889,False
cg04988514,,7298,False
cg01567173,,4733,False
cg09474331,,26003,False
cg10244976,BRCA_164381,297,True
cg07011778,BRCA_106980,146,True
cg00494919,,1233455,False
cg06746893,,38496,False
cg06315208,BRCA_69965,267,True
cg07176264,,2716,False
cg01371233,,2620,False
cg05923595,,16177,False
cg09246479,BRCA_208554,1085,True
cg07034362,,5811,False
cg08578734,,42698,False
cg04243827,,36136,False
cg00698906,BRCA_178173,565,True
cg00289546,,22046,False
cg06355129,,3286,False
cg08328777,,8559,False
cg05991492,,5498,False
cg05543030,,2940,False
cg08231710,BRCA_232,564,True
cg09632273,BRCA_70193,489,True
cg03657573,,7110,False
cg07376381,BRCA_4041,212,True
cg00107982,,4725,False
cg08068820,BRCA_190800,541,True
cg09980176,BRCA_190800,1613,True
cg00244745,,2554,False
cg10317717,,9665,False
cg11430157,,29917,False
cg08196968,,8352,False
cg04115680,BRCA_87142,586,True
cg02809409,,2666,False
cg04301104,BRCA_153866,151,True
cg02192967,,30253,False
cg11592503,,246805,False
cg05507490,,704867,False
cg09016242,,17747,False
cg06106599,BRCA_131433,91,True
cg10662314,BRCA_141168,48,True
cg01438365,BRCA_179832,1783,True
cg04557423,,5225,False
cg07105596,BRCA_203534,1657,True
cg09873164,,13722,False
cg04837438,BRCA_28677,371,True
cg07339236,BRCA_202236,314,True
cg07589773,BRCA_85711,1058,True
cg02267536,,6408,False
cg01779765,,26184,False
cg01566526,,5629,False
cg03048654,,20165,False
cg01696784,,3718,False
cg06437840,,18464,False
cg08111446,,11260,False
cg10271061,,5769,False
cg10375890,,18975,False
cg00672333,,2809,False
cg01072076,BRCA_57562,439,True
cg07014673,,2637,False
cg09179211,,3936,False
cg10305311,,31274,False
cg11542224,,8849,False
cg00665492,,10336,False
cg09491991,,3316,False
cg03440799,,2342,False
cg10512745,,10944,False
cg03637878,,8108,False
cg04701034,,12332,False
cg08825929,,3666,False
cg09461420,,2161,False
cg08243728,BRCA_195944,1992,True
cg10393811,,69552,False
cg08198040,,166175,False
cg03784363,,16799,False
cg09999194,,3363,False
cg04632671,,10872,False
cg08847173,BRCA_3868,1249,True
cg04140663,,3694,False
cg05600740,BRCA_141689,630,True
cg03889013,,356122,False
cg04908380,BRCA_5763,1433,True
cg10064060,BRCA_166245,1757,True
cg04579966,,76713,False
cg03791955,,4987,False
cg11694519,,4679,False
cg10741025,,3457,False
cg06072021,,10946,False
cg11749010,,14902,False
cg08421126,BRCA_25208,1381,True
cg03667968,,36052,False
cg10342963,BRCA_163771,514,True
cg00399591,BRCA_166428,203,True
cg04787024,BRCA_29090,739,True
cg07956515,BRCA_83474,1813,True
cg03806038,,8382,False
cg09385093,,9124,False
cg10180415,BRCA_9761,1533,True
cg00011616,,5127,False
cg05920961,,2919,False
cg07347092,,2171,False
cg01536987,,12835,False
cg11560280,,22986,False
cg10617909,,32742,False
cg00063471,,4560,False
cg06537894,BRCA_191200,199,True
cg03730533,,24252,False
cg02623991,,26377,False
cg11539674,,37370,False
cg04120272,,13436,False
cg00778995,,2328,False
cg03389653,,16567,False
cg09417355,,3024,False
cg05972871,BRCA_137244,1409,True
cg03917138,,7244,False
cg03035213,,8105,False
cg03189821,,3183,False
cg01054755,,2662,False
cg06502570,,2285,False
cg02300154,BRCA_86694,870,True
cg11445123,,6426,False
cg07188523,,10294,False
cg03602280,BRCA_185009,716,True
cg08355260,,5737,False
cg11377136,BRCA_211541,497,True
cg04993975,,4810,False
cg05083852,BRCA_170051,497,True
cg03126579,BRCA_189256,125,True
cg09792926,,16711,False
cg03687070,,7617,False
cg04187185,BRCA_59529,245,True
cg04804877,BRCA_137244,1628,True
cg09065876,BRCA_177608,510,True
cg01791874,BRCA_58325,939,True
cg03259564,,5981,False
cg08464190,,17462,False
cg10842339,,44654,False
cg00469207,,33913,False
cg10076031,,10647,False
cg07411620,,55719,False
cg02174092,,2517,False
cg07113642,,6210,False
cg02872545,,8039,False
cg05211768,BRCA_162657,1347,True
cg09651145,,79974,False
cg03814872,BRCA_67616,361,True
cg08647349,,7619,False
cg06445348,,3902,False
cg00036011,BRCA_69452,227,True
cg10592478,,11076,False
cg09684233,,25234,False
cg00620018,,17983,False
cg00904966,,2599,False
cg01030534,,41244,False
cg00091827,,3795,False
cg09392940,,23479,False
cg07881405,BRCA_57652,946,True
cg03011658,,48687,False
cg03446244,,35899,False
cg02893180,,112435,False
cg01663018,,25510,False
cg05206884,,5044,False
cg08786003,,8203,False
cg10196720,,132324,False
cg10819004,,12014,False
cg08217024,,113803,False
cg01379240,,7652,False
cg01046104,,2711,False
cg11331678,,8916,False
cg07846220,BRCA_184722,138,True
cg02409878,,17137,False
cg04111064,,7748,False
cg00481499,,6069,False
cg04500819,,11609,False
cg10983199,BRCA_21046,61,True
cg04108939,,3204,False
cg10504392,,2111,False
cg03420013,,17823,False
cg03151810,BRCA_107097,597,True
cg07078958,BRCA_38616,287,True
cg08782481,BRCA_69693,33,True
cg02501410,,8654,False
cg08464831,,6133,False
cg00907288,BRCA_37857,1803,True
cg06238661,,77346,False
cg00840341,,2841,False
cg02181080,BRCA_116445,395,True
cg03135351,,20037,False
cg09623400,,40954,False
cg05604079,,149372,False
cg01085569,,23845,False
cg01923218,,21403,False
cg06740372,,20452,False
cg00204249,,9824,False
cg04122815,BRCA_59486,56,True
cg08755784,,14287,False
cg00084338,,10533,False
cg04110601,,5813,False
cg09182533,BRCA_129560,383,True
cg04034767,,4907,False
cg01445580,,41565,False
cg09172244,,16703,False
cg08910705,,7695,False
cg02693150,,6300,False
cg10834205,BRCA_141206,516,True
cg02511231,,6414,False
cg08828819,BRCA_88012,1034,True
cg03352287,,13553,False
cg05223720,,17843,False
cg09024126,BRCA_51106,1532,True
cg03507326,BRCA_164901,1876,True
cg02223801,,6019,False
cg05638439,BRCA_164285,678,True
cg08640923,,2350,False
cg10800833,,19738,False
cg01898377,BRCA_201878,173,True
cg08769966,BRCA_162821,1419,True
cg06271630,,3184,False
cg10888337,BRCA_211447,951,True
cg01558923,,21813,False
cg00846114,BRCA_169094,86,True
cg02527669,,34593,False
cg05063520,,25175,False
cg10862567,BRCA_183518,1721,True
cg03819134,BRCA_57410,494,True
cg06879394,BRCA_68166,182,True
cg00870269,,10627,False
cg01139508,BRCA_40196,1537,True
cg03533472,BRCA_167773,30,True
cg11955385,,39305,False
cg09289202,,340370,False
cg09479389,BRCA_191613,972,True
cg09143801,,20639,False
cg02723291,BRCA_138930,732,True
cg11945507,BRCA_106256,1310,True
cg01088410,,5509,False
cg08886651,BRCA_207969,862,True
cg06186698,,7678,False
cg04796181,BRCA_69693,33,True
cg09354241,,3648,False
cg04442576,,29698,False
cg05621343,,4137,False
cg05447008,,20925,False
cg07191900,BRCA_207810,1939,True
cg03599978,,3373,False
cg07149296,,2004,False
cg02533339,,2765,False
cg09134794,BRCA_92040,201,True
cg05064297,,6852,False
cg05529686,,12885,False
cg03453916,,18637,False
cg05183931,,13648,False
cg05296099,,15245,False
cg09173621,,133733,False
cg08957652,,3633,False
cg10140309,,6770,False
cg01288184,,208647,False
cg07118895,,10280,False
cg03774803,,56020,False
cg07005020,,57532,False
cg04246763,,25116,False
cg08908184,,21483,False
cg02245004,,57835,False
cg00519002,BRCA_168523,1032,True
cg04055739,,12711,False
cg07671805,,4112,False
cg01066220,BRCA_70193,478,True
cg03289872,,13684,False
cg01697719,,2773,False
cg03817667,,28214,False
cg07642043,,6315,False
cg04462627,,2907,False
cg03207574,,39060,False
cg09641248,,5363,False
cg02976723,BRCA_67158,185,True
cg10014470,BRCA_20863,875,True
cg07028533,,246827,False
cg01817521,,45203,False
cg10259748,,2662,False
cg11372436,BRCA_51316,1527,True
cg02767633,,6544,False
cg04849541,BRCA_57563,191,True
cg03192598,,8859,False
cg11528328,,2515,False
cg10148473,,22148,False
cg05719164,,5885,False
cg05882699,BRCA_124968,1335,True
cg11162118,,10838,False
cg00092518,,9988,False
cg00656735,BRCA_71572,95,True
cg02074274,,14000,False
cg02840179,,97443,False
cg03313945,,9830,False
cg01063579,BRCA_170639,1716,True
cg01940425,,52168,False
cg09619309,,2690,False
cg10740573,BRCA_157197,1109,True
cg01500945,,18309,False
cg06204735,,6743,False
cg02287693,,3756,False
cg01476568,,10875,False
cg03904209,,13074,False
cg01492330,,2920,False
cg04285033,BRCA_207621,207,True
cg01814027,,59463,False
cg08492145,,7546,False
cg04726821,,20855,False
cg01713438,BRCA_14048,1014,True
cg07628855,,5959,False
cg03317517,,20730,False
cg11795832,,2085,False
cg01793449,,3354,False
cg03612722,,4471,False
cg03393769,BRCA_26166,1645,True
cg03158400,,3771,False
cg03262885,,19234,False
cg04667114,,12833,False
cg08858437,,10048,False
cg06744481,,37527,False
cg02012703,,13903,False
cg05493761,,11210,False
cg07312880,BRCA_32997,126,True
cg00065215,BRCA_2285,1157,True
cg01798157,BRCA_16395,440,True
cg06433467,,22100,False
cg01089498,BRCA_50894,62,True
cg10791959,,10974,False
cg06734406,,22514,False
cg00490976,,2070,False
cg04781584,,2587,False
cg06744585,BRCA_191349,1024,True
cg07211212,,26368,False
cg03738707,,6710,False
cg11412466,BRCA_57613,462,True
cg11414560,BRCA_203715,257,True
cg10321156,,4465,False
cg03801902,,2219,False
cg05842348,,3908,False
cg01919374,,11213,False
cg00405688,,2270,False
cg01311360,,2245,False
cg04074004,BRCA_70193,256,True
cg08260959,BRCA_69433,248,True
cg01959562,,179598,False
cg09258813,BRCA_94964,807,True
cg05037927,,51796,False
cg02571816,,8981,False
cg05804220,,8501,False
cg08551725,BRCA_84209,81,True
cg08205639,BRCA_59487,263,True
cg04701618,,2114,False
cg01447112,,2558,False
cg02609127,,2631,False
cg11388673,BRCA_107097,563,True
cg02768721,,45927,False
cg01176363,BRCA_204068,21,True
cg11647481,,5611,False
cg05385164,,7806,False
cg04804377,,30370,False
cg08420572,,4155,False
cg10659382,BRCA_92022,28,True
cg11532431,BRCA_83924,397,True
cg09938511,,5601,False
cg03278146,BRCA_184621,121,True
cg09500443,,3731,False
cg05542646,BRCA_170813,1098,True
cg04990202,BRCA_11166,1331,True
cg07721822,BRCA_19587,843,True
cg08511651,BRCA_69313,137,True
cg04016730,,3640,False
cg10505610,,26747,False
cg03899054,,3139,False
cg09339194,,64556,False
cg05330472,BRCA_130297,1232,True
cg00279790,,6291,False
cg08774368,,10688,False
cg02984614,,3392,False
cg06776173,,7975,False
cg07185425,,5871,False
cg02478448,,5284,False
cg03081173,,3134,False
cg04797323,BRCA_143751,1846,True
cg01676795,,20908,False
cg00421139,,6341,False
cg01361351,,3204,False
cg04800142,,3107,False
cg07084627,,15147,False
cg06829830,BRCA_61150,37,True
cg11891579,,3874,False
cg10890302,,5652,False
cg02693127,,17933,False
cg07293584,,8412,False
cg03063639,,6547,False
cg05528899,,56166,False
cg09734791,,8938,False
cg11564981,BRCA_67386,402,True
cg04080282,BRCA_88012,764,True
cg11723801,,3478,False
cg10061374,,93079,False
cg09383172,,22309,False
cg03656863,BRCA_98603,388,True
cg10182317,,144865,False
cg08530838,,138410,False
cg09473315,,12364,False
cg06192497,,51819,False
cg01915516,BRCA_551,1723,True
cg07413251,,3336,False
cg06613095,,6435,False
cg07438617,,65249,False
cg05166028,BRCA_92232,883,True
cg06747432,,7817,False
cg03290977,BRCA_51052,1615,True
cg00565688,BRCA_551,1754,True
cg01759870,BRCA_157197,1299,True
cg01563704,BRCA_69452,325,True
cg01216438,BRCA_161360,731,True
cg10648670,,6238,False
cg04032226,,6121,False
cg05460318,,3667,False
cg09540629,,1194392,False
cg00650809,,11156,False
cg02305765,,8376,False
cg08819022,,2222,False
cg00063174,,4466,False
cg05965392,,6945,False
cg04387835,,5560,False
cg02017926,,3415,False
cg05835105,,98859,False
cg11306441,,4593,False
cg04696181,,31560,False
cg01925738,,12384,False
cg05157140,,17252,False
cg00937286,,6122,False
cg10678266,,33645,False
cg06546066,,2964,False
cg00933542,BRCA_80080,947,True
cg11254700,,6302,False
cg05009389,,2400,False
cg03020810,,21493,False
cg11730559,BRCA_102927,1711,True
cg06429214,,4207,False
cg10292154,BRCA_167083,318,True
cg04017512,BRCA_118400,353,True
cg08843517,BRCA_170857,1996,True
cg11267630,BRCA_177681,443,True
cg08613144,,2594,False
cg04976324,,39233,False
cg07015803,BRCA_156216,1161,True
cg10837783,BRCA_4041,276,True
cg10128806,,37873,False
cg08543966,BRCA_193910,443,True
cg05636047,,4709,False
cg03257575,,2580,False
cg04703620,,5417,False
cg05583676,,2054,False
cg07565505,BRCA_57556,277,True
cg11631265,,11449,False
cg00074145,,3238,False
cg05385718,,589711,False
cg04962865,,9862,False
cg01984854,,20016,False
cg04550052,,16992,False
cg05728754,BRCA_140109,1899,True
cg01739725,,17534,False
cg00955911,,8129,False
cg03036557,,50683,False
cg04657146,BRCA_191121,1804,True
cg11478200,BRCA_66810,123,True
cg07093674,,27963,False
cg04358834,,22951,False
cg00741836,BRCA_202686,739,True
cg02990291,,29316,False
cg03672342,,9133,False
cg03585778,BRCA_16956,956,True
cg10071035,BRCA_97869,334,True
cg01971137,BRCA_172441,1377,True
cg05530568,,6798,False
cg00737846,,13044,False
cg09467501,,5320,False
cg06240450,,5806,False
cg01688536,,39185,False
cg02823783,,2179,False
cg09852127,,4846,False
cg09059945,,7603,False
cg05467012,,31479,False
cg02789515,,1468752,False
cg08436089,,3374,False
cg05377226,,6963,False
cg04741516,,7141,False
cg08573435,,14927,False
cg07249459,,9576,False
cg01110759,,4260,False
cg00303982,,481491,False
cg06621691,BRCA_82320,380,True
cg05933904,,6655,False
cg00330929,BRCA_188944,226,True
cg04111078,,9903,False
cg07584066,,14578,False
cg03853208,BRCA_83739,104,True
cg01263386,,13276,False
cg00765922,BRCA_12014,841,True
cg09194159,,64950,False
cg08535928,,4397,False
cg08360511,,9476,False
cg10370591,,45722,False
cg07352438,BRCA_184640,486,True
cg05659187,BRCA_27529,58,True
cg06310816,,3572,False
cg05033333,,6615,False
cg05864326,,23329,False
cg00174428,,16859,False
cg08944961,,9739,False
cg04178787,,261548,False
cg06878499,,7883,False
cg07382454,BRCA_192905,927,True
cg03315869,,3714,False
cg02077216,,25647,False
cg01048962,,5088,False
cg10586082,,4269,False
cg10236452,BRCA_17496,212,True
cg10009968,,5229,False
cg09062550,,17385,False
cg00295572,BRCA_551,1730,True
cg08479476,,8394,False
cg07182669,BRCA_66973,215,True
cg01218903,,3219,False
cg08128768,,8413,False
cg03292377,,2476,False
cg04772025,,4561,False
cg08521684,,26294,False
cg04202892,,8454,False
cg02800571,,6848,False
cg00951395,,3912,False
cg01640437,,9874,False
cg03432275,,20870,False
cg01021547,BRCA_82320,1943,True
cg10626816,BRCA_4607,1031,True
cg10213875,,9755,False
cg01704474,BRCA_125435,464,True
cg04892724,,28678,False
cg07724309,BRCA_67387,617,True
cg07541200,BRCA_59481,55,True
cg01899253,,53930,False
cg11135108,,2538,False
cg08621778,BRCA_16142,567,True
cg04865180,BRCA_147131,1131,True
cg06972969,,7293,False
cg04367486,,8189,False
cg09602288,BRCA_67808,204,True
cg06530490,BRCA_30285,69,True
cg08002883,,43596,False
cg07173972,,45074,False
cg06917617,BRCA_17421,240,True
cg01856529,BRCA_141210,354,True
cg10526374,,2108,False
cg08584377,BRCA_82491,1441,True
cg01718116,,309665,False
cg10171448,,812474,False
cg03675258,,4075,False
cg08418111,,13188,False
cg08236767,,37221,False
cg08640634,,5850,False
cg11942956,,5107,False
cg05754853,BRCA_102963,1945,True
cg08379987,,24024,False
cg04505435,BRCA_131642,1275,True
cg00598009,,24756,False
cg06598836,,41094,False
cg05646373,BRCA_69330,77,True
cg00783553,,25048,False
cg07791427,,3224,False
cg11002404,,24524,False
cg08555594,,50793,False
cg03036592,,2013,False
cg10172783,,6477,False
cg08879470,BRCA_132579,1780,True
cg01912921,BRCA_66813,1375,True
cg10336039,,4877,False
cg08569799,BRCA_57556,195,True
cg06817490,,45564,False
cg03072621,,34783,False
cg09267188,,3484,False
cg11241541,BRCA_95570,424,True
cg09978023,BRCA_15408,656,True
cg04819351,,11632,False
cg00269800,BRCA_63741,666,True
cg08105965,BRCA_209025,817,True
cg02072885,,9701,False
cg11145160,,2721,False
cg11671913,BRCA_59477,310,True
cg06973595,,29405,False
cg03561071,BRCA_134223,1871,True
cg10604476,BRCA_190409,312,True
cg01866431,,249731,False
cg08079908,,56202,False
cg05823605,,3599,False
cg11274314,,376892,False
cg06970744,BRCA_9167,266,True
cg05931423,,10372,False
cg00994306,BRCA_164445,1473,True
cg01972576,BRCA_106830,156,True
cg05454501,BRCA_60934,674,True
cg05253110,BRCA_91081,1984,True
cg09461999,,4119,False
cg06511389,,3890,False
cg07275979,,24863,False
cg03469862,BRCA_131061,213,True
cg10363661,BRCA_171006,2,True
cg10534873,,6341,False
cg00825951,,10018,False
cg04008703,,2815,False
cg05670953,,20743,False
cg07297397,,3832,False
cg07385423,,4011,False
cg01364826,,4990,False
cg00848945,BRCA_137109,469,True
cg01994205,,4832,False
cg00157796,,4703,False
cg06945523,BRCA_152318,484,True
cg02407342,BRCA_177160,632,True
cg10596483,,5584,False
cg09696939,,4076,False
cg06272038,,2095,False
cg08211068,,7050,False
cg04948892,,23994,False
cg08154107,,2438,False
cg01602153,BRCA_97969,276,True
cg01543184,,8645,False
cg10118513,,12901,False
cg02970919,,6719,False
cg07776993,,521482,False
cg11916729,,3632,False
cg09858188,,21832,False
cg04920358,,113618,False
cg11552829,,37425,False
cg01235820,,2875,False
cg05106294,,13338,False
cg05904716,BRCA_66484,1013,True
cg04215055,,3258,False
cg06782035,BRCA_58324,171,True
cg03217173,BRCA_122812,798,True
cg09308026,,4523,False
cg01574513,,37005,False
cg11079613,BRCA_183359,952,True
cg06490869,,5297,False
cg03757805,,3409,False
cg06299833,,6135,False
cg00673344,,4974,False
cg08496953,,3493,False
cg02320862,BRCA_182119,426,True
cg04258696,BRCA_82320,867,True
cg07886472,,11837,False
cg04638468,,13935,False
cg05478631,,5400,False
cg07405182,,4400,False
cg04599403,BRCA_57408,271,True
cg02481848,,16098,False
cg10629165,,3443,False
cg06905692,BRCA_24238,1691,True
cg10413105,,7443,False
cg10627839,,4900,False
cg01500844,BRCA_190800,502,True
cg03648334,,17720,False
cg00680551,BRCA_102070,636,True
cg03380809,,7981,False
cg04935121,BRCA_129560,41,True
cg11062466,BRCA_97840,227,True
cg02259324,,2184,False
cg05369553,,104714,False
cg00386586,,564598,False
cg06206957,,17172,False
cg10019916,,4408,False
cg06282596,,4970,False
cg10113526,,8288,False
cg05534148,,14884,False
cg08699341,,26285,False
cg04308185,,168233,False
cg09300114,,5745,False
cg08243626,,32009,False
cg11671688,,15581,False
cg07811110,,10801,False
cg02598319,,2894,False
cg11862731,,11257,False
cg08328513,,4543,False
cg00002719,,28104,False
cg06382028,,18375,False
cg09272923,,15926,False
cg00343312,,64298,False
cg07082012,,10238,False
cg08839267,,26706,False
cg00056066,,5192,False
cg07863022,BRCA_182090,1069,True
cg11691825,BRCA_14290,1737,True
cg09495977,BRCA_50706,1839,True
cg09137696,,4288,False
cg10297491,,24163,False
cg11328303,,12577,False
cg08408994,,5606,False
cg03733207,BRCA_200496,1738,True
cg02926868,BRCA_130252,1327,True
cg01682504,BRCA_141561,1321,True
cg11439596,BRCA_57562,136,True
cg05950877,BRCA_190857,728,True
cg09848508,,13172,False
cg07847030,,4154,False
cg02395917,,12385,False
cg01231108,,46536,False
cg05391892,,16489,False
cg11350586,,11564,False
cg08141142,BRCA_157197,993,True
cg11791751,BRCA_1649,1618,True
cg11610350,,2379,False
cg05922993,,2156,False
cg08250787,BRCA_82319,74,True
cg03082589,,14264,False
cg07979401,BRCA_70610,315,True
cg06452665,,5250,False
cg10372476,BRCA_20863,102,True
cg05118764,,2086,False
cg03827118,,15673,False
cg08893839,,11181,False
cg05472998,,23020,False
cg03514404,,41277,False
cg03057236,,18087,False
cg11051055,,9030,False
cg07571734,,6648,False
cg01275523,BRCA_122818,349,True
cg02483735,,10553,False
cg10036013,,2746,False
cg11435506,BRCA_88012,797,True
cg02558625,BRCA_150714,558,True
cg05732750,,2316,False
cg05351887,,5667,False
cg02392696,,6407,False
cg11403907,,11419,False
cg03957108,,52148,False
cg08192350,BRCA_137244,1436,True
cg01392351,,34050,False
cg08435240,,4831,False
cg02018277,,14700,False
cg07138366,,18135,False
cg05144259,,39159,False
cg01764082,BRCA_111627,1815,True
cg08655953,,2735,False
cg03564754,BRCA_114371,330,True
cg00794174,,22093,False
cg10964944,,2726,False
cg06363129,,10089,False
cg03228065,,3100,False
cg00167841,,8014,False
cg09516965,BRCA_153059,1593,True
cg10262770,,3061,False
cg00208274,,3249,False
cg04821520,,13998,False
cg01635086,BRCA_177026,836,True
cg03226114,,8317,False
cg04778178,BRCA_83915,31,True
cg04970352,,2047,False
cg04227892,,11020,False
cg09451235,,2154,False
cg07786995,,6563,False
cg04067139,BRCA_128894,1699,True
cg11438011,,19367,False
cg01972418,,2929,False
cg01889143,,16793,False
cg08960448,BRCA_165412,1730,True
cg03466124,,13218,False
cg04245057,,3803,False
cg10752421,BRCA_147580,1361,True
cg00783712,BRCA_21002,1801,True
cg07785447,BRCA_155927,1145,True
cg09213964,BRCA_146161,1890,True
cg05218696,,3145,False
cg06088324,,3791,False
cg04942251,,4489,False
cg00474080,,7585,False
cg01597066,BRCA_196553,674,True
cg00800383,,15901,False
cg02491557,,5111,False
cg09286367,,2658,False
cg10799055,,13304,False
cg02576468,,8866,False
cg02781618,,20460,False
cg02348751,,34198,False
cg06573604,,94253,False
cg09341793,,5004,False
cg09832613,,43116,False
cg03011535,BRCA_201016,339,True
cg07353006,,38715,False
cg00197993,,21016,False
cg02474799,,4542,False
cg09932747,BRCA_70249,167,True
cg10222925,,12053,False
cg04262140,BRCA_177698,1283,True
cg01995743,,30780,False
cg09619271,,8038,False
cg02863489,,3144,False
cg04326566,,6080,False
cg07897248,,3012,False
cg05638347,BRCA_82546,270,True
cg11772171,,2127,False
cg02400740,,40355,False
cg00347563,,10188,False
cg11468148,,2893,False
cg01864564,,13546,False
cg11710851,,3976,False
cg06930722,,6615,False
cg09650880,,4940,False
cg03598313,,6205,False
cg07935264,,7848,False
cg00032205,,2177,False
cg08242194,,5280,False
cg03953626,,4608,False
cg07303912,,9529,False
cg03976877,BRCA_92308,1944,True
cg11203041,,24356,False
cg00253658,,2502,False
cg07844977,BRCA_66973,379,True
cg10263682,,9379,False
cg10147462,,9601,False
cg08742575,,936174,False
cg10923662,,5664,False
cg05063999,,2479,False
cg06156376,,32342,False
cg09907509,,46973,False
cg08898155,BRCA_88012,773,True
cg01514828,,7319,False
cg09761265,,5502,False
cg07104895,BRCA_183358,887,True
cg09340279,BRCA_183469,12,True
cg00957641,,27944,False
cg05766064,,1757479,False
cg01894498,,6907,False
cg03982831,,5473,False
cg02460251,,81385,False
cg06992285,,25588,False
cg03991547,,27277,False
cg00661947,,8874,False
cg04698114,,17016,False
cg03921696,,11249,False
cg02621151,,46857,False
cg08300419,,4163,False
cg03814644,BRCA_81334,1940,True
cg06347739,,2219,False
cg04515996,,9138,False
cg05470554,,17713,False
cg06392169,BRCA_66679,209,True
cg02692938,,80259,False
cg05946694,BRCA_70948,233,True
cg02767771,,1256125,False
cg04766529,,11597,False
cg04855961,,6584,False
cg06423211,,4701,False
cg04111789,,12224,False
cg06878649,,2634,False
cg01765882,,11679,False
cg01756381,BRCA_50894,1646,True
cg02891314,,7837,False
cg09973284,,6194,False
cg10670260,,83199,False
cg08850461,,32843,False
cg11270393,,4271,False
cg08992360,,101846,False
cg07734975,,8518,False
cg00480331,,51457,False
cg00223136,,6317,False
cg00498816,,7009,False
cg09658497,,2466,False
cg08357947,,22711,False
cg08832624,,6903,False
cg09615353,,88762,False
cg06076518,,2364,False
cg03817939,BRCA_28033,186,True
cg04987053,,3943,False
cg07603330,,10623,False
cg03462699,,639602,False
cg07836225,,6377,False
cg00810956,,3435,False
cg00120157,,15505,False
cg11412935,,3624,False
cg10978355,,12305,False
cg07852757,,71886,False
cg08808042,,7007,False
cg07629965,,2721,False
cg09300856,,4827,False
cg11326255,BRCA_189252,1243,True
cg04895288,,6871,False
cg03778029,,145497,False
cg08322102,BRCA_99296,602,True
cg04636557,,9058,False
cg06528306,BRCA_97424,990,True
cg03780561,,2019,False
cg09313053,,15493,False
cg03171003,,8269,False
cg04147741,BRCA_41874,1419,True
cg07109358,BRCA_50621,1823,True
cg10632971,BRCA_98281,1311,True
cg11631271,BRCA_194466,310,True
cg05707458,,5197,False
cg00744433,,101725,False
cg05373263,,22149,False
cg00268185,BRCA_44229,305,True
cg06796779,,6997,False
cg05209770,BRCA_74159,1410,True
cg11397476,,5200,False
cg11789612,,2340,False
cg00604840,,8396,False
cg06160669,,43822,False
cg07045241,,3770,False
cg06769546,,812722,False
cg01854776,,3583,False
cg06757810,,4843,False
cg08368617,,19128,False
cg05452524,,10922,False
cg06649856,,20275,False
cg07936950,BRCA_33041,426,True
cg05200540,,14781,False
cg03069204,,7306,False
cg10628201,,5234,False
cg04201675,,21700,False
cg00095594,,21847,False
cg05025612,,124515,False
cg05038268,BRCA_130385,1874,True
cg04879755,,3396,False
cg03323696,,4998,False
cg06183150,,5586,False
cg11199810,,26730,False
cg06120945,,2141,False
cg01128642,,10739,False
cg02374745,,3325,False
cg05369766,,18169,False
cg04203238,BRCA_51106,1631,True
cg05991454,,12804,False
cg09689137,,2148,False
cg00333483,,16939,False
cg05924652,,32421,False
cg03485694,BRCA_137244,1380,True
cg05308495,,41330,False
cg11969813,BRCA_183288,45,True
cg03782202,,78780,False
cg05856321,,4251,False
cg05124021,,3576,False
cg00995327,,9957,False
cg02029926,,4082,False
cg11474135,,26103,False
cg10940462,,20760,False
cg06301550,,3634,False
cg10797552,,6989,False
cg07068756,BRCA_51981,1444,True
cg10235355,,85468,False
cg04785900,,3022,False
cg08485649,,256287,False
cg04982308,BRCA_181417,691,True
cg09863247,,8088,False
cg03917666,,7099,False
cg07150062,,12170,False
cg00049047,BRCA_59200,876,True
cg09551776,BRCA_28033,171,True
cg04723534,BRCA_207211,177,True
cg11931596,,10178,False
cg00901051,BRCA_17496,112,True
cg01984743,BRCA_65732,1364,True
cg10067723,,8552,False
cg06394874,,20057,False
cg00910695,,7397,False
cg00922748,BRCA_137129,494,True
cg08325845,,2169,False
cg03976172,BRCA_102254,1608,True
cg11437810,,8456,False
cg04368094,BRCA_153280,961,True
cg06340382,,3043,False
cg08495115,,3621,False
cg02657401,,40485,False
cg11343506,BRCA_127754,694,True
cg09661010,BRCA_120602,1107,True
cg01099825,,1948514,False
cg02567289,,7239,False
cg07061260,BRCA_169260,217,True
cg04138112,BRCA_13241,178,True
cg09652652,,11586,False
cg11549953,BRCA_59478,225,True
cg11281641,,12580,False
cg06721601,,21612,False
cg08005992,,6693,False
cg07458308,,15072,False
cg04548327,,5500,False
cg06010020,,22931,False
cg02758612,,2488,False
cg05973555,,10083,False
cg00268840,,7301,False
cg00817367,,5214,False
cg03214217,BRCA_91067,1514,True
cg05506209,,8271,False
cg04753936,BRCA_197235,204,True
cg00377344,,3004,False
cg11606461,BRCA_62122,877,True
cg11344574,BRCA_11017,569,True
cg07181406,,37044,False
cg02379107,BRCA_200495,1993,True
cg10868817,,4148,False
cg07168142,BRCA_176401,256,True
cg06952671,,16590,False
cg09862914,,9330,False
cg11404751,BRCA_124580,584,True
cg08195943,BRCA_44952,63,True
cg11416384,BRCA_51562,1868,True
cg07906855,,6896,False
cg02658488,,177252,False
cg06635133,,18950,False
cg00619443,,6552,False
cg07475885,BRCA_28199,344,True
cg08079763,BRCA_115697,1209,True
cg04554720,,11402,False
cg06400428,,5634,False
cg11282936,,6754,False
cg06333058,,19856,False
cg04656042,,37511,False
cg08609270,,57340,False
cg00807871,,8049,False
cg08871608,,2818,False
cg08584947,,10722,False
cg03432338,,4372,False
cg08513472,BRCA_66822,283,True
cg04743654,,2954,False
cg04960065,,14306,False
cg03498175,,2461,False
cg04407470,,2323,False
cg06768188,,8899,False
cg00450824,,11218,False
cg01128736,BRCA_67234,253,True
cg04118910,,522241,False
cg05180182,BRCA_115916,42,True
cg06884470,BRCA_155684,1919,True
cg10378521,,6897,False
cg09775582,,9662,False
cg10371483,BRCA_165210,406,True
cg09301462,BRCA_77641,856,True
cg09199848,,11138,False
cg07201620,,35046,False
cg10573018,,12418,False
cg10922935,,9202,False
cg03577139,BRCA_51316,1508,True
cg08815340,BRCA_67300,126,True
cg06030535,,11176,False
cg04039555,,42148,False
cg00663183,BRCA_38670,1846,True
cg03553786,,34189,False
cg01924596,BRCA_58692,418,True
cg11898486,,19695,False
cg02093112,,3256,False
cg08333858,BRCA_67388,755,True
cg00779924,,9681,False
cg00210994,,36307,False
cg06757662,,3478,False
cg00251767,,29573,False
cg07376547,,3009,False
cg09566894,,6091,False
cg00402172,,10332,False
cg08315202,,5679,False
cg07810282,,10739,False
cg00393798,,11227,False
cg04295258,BRCA_17634,1315,True
cg06332777,,10938,False
cg01328500,,11856,False
cg11701471,,2273,False
cg02654411,,2331,False
cg06705862,,2184,False
cg02572713,BRCA_99505,734,True
cg06831576,,155815,False
cg02580209,BRCA_164537,157,True
cg00423153,,12826,False
cg04063945,,12029,False
cg08441170,,51536,False
cg03502002,BRCA_188050,1907,True
cg08520743,BRCA_88012,1041,True
cg03727754,,13489,False
cg09605164,,34245,False
cg04256316,,9856,False
cg11026555,BRCA_146351,1875,True
cg07330230,,6184,False
cg11195797,BRCA_150273,708,True
cg00075975,,16206,False
cg00557947,BRCA_122795,466,True
cg05975410,BRCA_59481,169,True
cg04001520,,9092,False
cg11839579,,10645,False
cg09387486,,18301,False
cg02772935,,10751,False
cg08278002,,29180,False
cg01079515,BRCA_49447,1567,True
cg08042316,,13108,False
cg11346248,,8670,False
cg02755669,,5145,False
cg08269402,,19254,False
cg02237540,,2006,False
cg06843889,BRCA_59456,57,True
cg05589489,,8057,False
cg08048222,,9537,False
cg06087421,,2045,False
cg05714155,BRCA_33049,1566,True
cg03202693,BRCA_150942,1892,True
cg04781580,BRCA_151252,529,True
cg09982942,,6849,False
cg07161429,,6450,False
cg01596834,,2076,False
cg08545287,,35665,False
cg04421974,BRCA_105491,1653,True
cg08436419,,4237,False
cg08323075,BRCA_50379,1445,True
cg03314195,BRCA_169094,66,True
cg11638181,,41766,False
cg08077337,,11615,False
cg08523343,BRCA_58243,382,True
cg04540383,,3273,False
cg05327192,,7088,False
cg02493602,,11512,False
cg09481537,,8948,False
cg02970525,BRCA_16084,754,True
cg08478709,,3518,False
cg05209917,,16442,False
cg09490603,,6265,False
cg03741619,,35554,False
cg02634272,,2387,False
cg04206484,,2296,False
cg09363342,BRCA_50064,1135,True
cg04768463,BRCA_26244,1314,True
cg05021846,,24627,False
cg09852493,,20137,False
cg10730712,,56983,False
cg08371391,,2743,False
cg05337681,,12170,False
cg02791331,,2089,False
cg01834022,BRCA_50395,732,True
cg08480826,,24014,False
cg04714787,BRCA_50332,738,True
cg02470440,BRCA_92241,368,True
cg04092762,BRCA_24280,1160,True
cg11032268,BRCA_82491,1438,True
cg06132028,,5111,False
cg06569229,,50704,False
cg00437985,,5455,False
cg03301582,BRCA_88012,775,True
cg07614018,BRCA_192819,1964,True
cg10658542,,4394,False
cg02305289,BRCA_168102,1247,True
cg04562683,,11420,False
cg07323648,,8155,False
cg02656871,BRCA_170813,649,True
cg03301200,,23078,False
cg02523844,,27251,False
cg01618102,,58460,False
cg03126946,BRCA_137129,506,True
cg04848555,,11988,False
cg09763347,BRCA_105403,318,True
cg05963821,,131131,False
cg10678427,,15685,False
cg04599941,,59788,False
cg08450752,,8842,False
cg09426834,,4157,False
cg01896761,,8557,False
cg01446627,,13702,False
cg02583309,BRCA_196553,853,True
cg10173620,,3320,False
cg02248486,BRCA_83935,1259,True
cg11198128,,5886,False
cg05477405,,13813,False
cg01587896,BRCA_59676,121,True
cg09251429,,4745,False
cg01518889,,4563,False
cg09895325,BRCA_3044,939,True
cg10296799,BRCA_49453,613,True
cg06105699,,5492,False
cg11785652,,3238,False
cg10530851,,10485,False
cg08959216,,35526,False
cg00575005,,63693,False
cg10054197,,3734,False
cg07809831,,7149,False
cg11097433,,12645,False
cg04603730,,31271,False
cg05226707,BRCA_3906,614,True
cg02186782,,14885,False
cg02316596,,2718,False
cg04889072,,3613,False
cg10126181,BRCA_69035,61,True
cg07145284,BRCA_130151,1282,True
cg10305451,,10052,False
cg10344081,,3851,False
cg01997006,,9638,False
cg07107916,BRCA_18043,792,True
cg01074657,,10054,False
cg09448880,,4917,False
cg06377278,,8819,False
cg03007522,,2081,False
cg01472882,,2083,False
cg04517282,BRCA_57613,67,True
cg09721595,BRCA_132982,567,True
cg08457421,,3640,False
cg08009265,,11330,False
cg03605686,BRCA_88012,1676,True
cg06507579,,27526,False
cg10333214,,2540,False
cg09321400,,8666,False
cg00590139,,117213,False
cg02335642,BRCA_67006,69,True
cg09745246,,10174,False
cg07294785,BRCA_70439,1916,True
cg02744524,BRCA_45451,810,True
cg08538258,,38828,False
cg09549813,,2253,False
cg06541222,,13132,False
cg07364396,BRCA_799,767,True
cg08800878,,3989,False
cg04657205,,22846,False
cg00018828,BRCA_164433,825,True
cg01899542,,14372,False
cg07741229,,15534,False
cg03671052,BRCA_66529,877,True
cg01777397,,19725,False
cg01582473,BRCA_154315,724,True
cg07519816,,24275,False
cg05743734,BRCA_168523,1353,True
cg05990544,BRCA_69693,1431,True
cg07141875,,22318,False
cg00119181,,30384,False
cg05813818,BRCA_164347,1360,True
cg00386405,,143579,False
cg01192077,,3691,False
cg06972019,,4562,False
cg06832898,BRCA_170920,1638,True
cg11752769,BRCA_17420,63,True
cg09918318,BRCA_171353,736,True
cg09242823,,18985,False
cg08575330,,18096,False
cg05337177,BRCA_70452,1620,True
cg05164933,,2341,False
cg05482942,,18354,False
cg05298922,,9313,False
cg04656051,BRCA_35530,238,True
cg01665555,,7908,False
cg09579704,,3025,False
cg08832906,,22287,False
cg11386025,,6809,False
cg02364970,,3666,False
cg11003573,,7555,False
cg02512505,BRCA_168523,1246,True
cg09398550,,108704,False
cg00267596,,2972,False
cg02477603,BRCA_124793,573,True
cg00012529,,8026,False
cg09342417,,21332,False
cg09506001,,31216,False
cg00499781,,164005,False
cg04290586,BRCA_144687,997,True
cg11630226,,4763,False
cg08492173,BRCA_57652,1122,True
cg02031308,BRCA_21015,648,True
cg02650317,,19385,False
cg03255846,,26370,False
cg04020309,,18488,False
cg04680535,,58629,False
cg10253371,,6742,False
cg01806382,,3582,False
cg04583813,,2359,False
cg04244970,BRCA_12443,707,True
cg07036530,,17901,False
cg03322979,,2364,False
cg07810039,,24025,False
cg06710672,,4408,False
cg02916816,,4048,False
cg10721538,,14173,False
cg06897120,BRCA_165331,69,True
cg02044349,BRCA_150825,729,True
cg05227549,,2690,False
cg00662782,,17007,False
cg05042938,,2200,False
cg11245681,,22058,False
cg07572317,,1242415,False
cg10349065,,8977,False
cg01239735,,2932,False
cg02283735,,5730,False
cg09156097,,3260,False
cg05345154,,2152,False
cg09107344,,10983,False
cg11224582,,25453,False
cg07431286,BRCA_60693,472,True
cg06777194,,4833,False
cg03490157,,4585,False
cg11343211,BRCA_172522,1999,True
cg07673080,,6866,False
cg03992638,,14288,False
cg05371552,BRCA_92300,974,True
cg06804411,,15895,False
cg04314361,BRCA_22711,511,True
cg04056576,,25255,False
cg06248767,,4294,False
cg10797197,BRCA_203550,245,True
cg01405445,BRCA_194094,12,True
cg04141796,BRCA_59456,577,True
cg02707854,,5701,False
cg02057013,,33587,False
cg04879832,,2004,False
cg00675569,,57056,False
cg01473816,BRCA_127754,981,True
cg01942962,,3558,False
cg08802511,BRCA_56825,633,True
cg06894549,,2985,False
cg04254198,BRCA_182773,463,True
cg06702718,,12653,False
cg08928882,,2561,False
cg02058870,,19582,False
cg06651311,BRCA_51562,1271,True
cg07121856,BRCA_88012,1134,True
cg10038009,BRCA_167642,1202,True
cg08264481,,5803,False
cg11099006,,3361,False
cg07142010,,3723,False
cg01760475,,28898,False
cg07397956,,3566,False
cg08846566,,3328,False
cg01010211,,3973,False
cg04284140,BRCA_85209,228,True
cg05784862,,1290411,False
cg01588438,BRCA_98596,50,True
cg05170706,,11741,False
cg05192452,,10046,False
cg01464835,,14234,False
cg08663159,,3333,False
cg10281977,BRCA_157006,139,True
cg01735384,,3901,False
cg09885505,,14327,False
cg01992382,,5618,False
cg06224587,,8239,False
cg10419957,,8847,False
cg10092867,,10467,False
cg01924952,,3365,False
cg11613015,,36084,False
cg05227215,,3939,False
cg09896412,,39125,False
cg09318068,,104929,False
cg01909856,,1220690,False
cg06501366,,4539,False
cg04913934,,2207,False
cg05068987,BRCA_191200,191,True
cg05289253,BRCA_136034,118,True
cg05948940,,5713,False
cg02898500,,5264,False
cg06167221,,73201,False
cg01023798,,58678,False
cg02902186,,60493,False
cg00515457,,7721,False
cg05970721,,35472,False
cg08463820,,21131,False
cg04768602,,17487,False
cg06802522,BRCA_103907,1003,True
cg05127821,,104128,False
cg04319276,BRCA_195388,1558,True
cg02410867,BRCA_192077,1022,True
cg02480685,BRCA_100882,959,True
cg11648594,BRCA_232,391,True
cg11975793,,8911,False
cg02099878,,2403,False
cg11344217,,6124,False
cg05347878,,2032,False
cg10020356,,7273,False
cg05945782,,3723,False
cg05887869,,84651,False
cg02503981,BRCA_150800,1252,True
cg09528825,,3480,False
cg08528626,,37287,False
cg07747299,,936060,False
cg09893588,,10752,False
cg08239282,,4644,False
cg08924203,,14001,False
cg00691999,,28490,False
cg11521404,,11521,False
cg00677574,,7575,False
cg00946316,,3338,False
cg09473364,BRCA_150832,979,True
cg00666105,,23909,False
cg05555111,BRCA_152436,306,True
cg07273376,,205275,False
cg09103598,,275648,False
cg06806862,,15446,False
cg10308785,,46913,False
cg07754347,,3070,False
cg10154780,,204875,False
cg04917181,,2320,False
cg05349089,,2456,False
cg00459623,,43541,False
cg00702647,,24573,False
cg05710753,,35485,False
cg02230017,,35693,False
cg08346735,,2994,False
cg08779649,,6226,False
cg04222582,BRCA_158562,1695,True
cg04180299,BRCA_169094,41,True
cg01988129,BRCA_98596,433,True
cg04376887,,10877,False
cg06766427,,17820,False
cg01627823,,3030,False
cg06223767,BRCA_66679,1889,True
cg10748765,BRCA_198087,109,True
cg00355799,,2186,False
cg06219103,,3619,False
cg03024760,,44244,False
cg07917150,BRCA_83905,143,True
cg06475633,BRCA_171568,1044,True
cg00494337,,56501,False
cg00067884,BRCA_159841,1355,True
cg04944784,BRCA_23780,85,True
cg05976283,,4534,False
cg04833713,BRCA_120680,730,True
cg08846245,,3210,False
cg09543255,,5470,False
cg07633317,,14771,False
cg03703435,,7927,False
cg03543593,BRCA_70317,204,True
cg05383931,,2652,False
cg05612673,,29125,False
cg08594218,,6232,False
cg07112337,,2903,False
cg05301470,,15233,False
cg03449108,BRCA_30285,866,True
cg01433297,BRCA_198206,295,True
cg03393350,BRCA_98947,1582,True
cg03570035,BRCA_193003,497,True
cg01830900,,22440,False
cg01140660,,17463,False
cg04719903,,16252,False
cg11977941,,70697,False
cg05213896,,8823,False
cg07249274,BRCA_62122,916,True
cg08089301,,64977,False
cg04831806,BRCA_82320,779,True
cg01573747,,5662,False
cg07862744,,4283,False
cg11412853,,2557,False
cg05645002,,37990,False
cg08406370,BRCA_166932,1267,True
cg07909128,,2819,False
cg05261028,,5298,False
cg05446629,,5489,False
cg08757862,BRCA_51720,250,True
cg06034336,,55194,False
cg11337945,BRCA_57626,70,True
cg02379560,,2095,False
cg09550810,,20360,False
cg02909790,BRCA_69452,96,True
cg02125316,,15744,False
cg10904699,BRCA_136034,302,True
cg09489306,,3550,False
cg05667348,,20722,False
cg05542262,BRCA_61151,248,True
cg06959596,BRCA_21247,426,True
cg04839706,BRCA_167774,633,True
cg08887400,,4588,False
cg02637318,BRCA_95735,869,True
cg00001747,,4395,False
cg11644402,,5938,False
cg06041852,,946767,False
cg06779449,BRCA_201016,470,True
cg01357135,,25293,False
cg09696091,,26631,False
cg03314029,,8394,False
cg07583848,,6103,False
cg08564172,,6903,False
cg00659878,BRCA_19872,1059,True
cg06494592,,10679,False
cg05766510,,21321,False
cg10907866,BRCA_40016,539,True
cg04068564,BRCA_203647,153,True
cg10002860,,2940,False
cg06663305,BRCA_172092,1813,True
cg09323975,BRCA_66810,98,True
cg00133595,BRCA_167642,1059,True
cg02662277,,6573,False
cg05341539,,14484,False
cg01244650,,9823,False
cg10876767,,6358,False
cg08848903,,25430,False
cg08957001,BRCA_106507,383,True
cg05974067,,11927,False
cg05862393,,9559,False
cg02416536,BRCA_144146,1830,True
cg08305551,BRCA_191200,294,True
cg04113418,,2534,False
cg03954048,,9165,False
cg00450784,,2619,False
cg06457736,,7156,False
cg11293572,,18279,False
cg04415176,,64802,False
cg05867245,,3073,False
cg11751645,,14735,False
cg03782966,,15619,False
cg11268739,,113323,False
cg01090834,BRCA_206528,181,True
cg06262436,,3323,False
cg08151857,,28718,False
cg02293118,BRCA_85227,1963,True
cg06528559,,51112,False
cg01635193,,3959,False
cg11279444,,8714,False
cg04606367,,48543,False
cg11061434,,51101,False
cg02546828,,75195,False
cg09671951,,24618,False
cg05998639,,4752,False
cg06536868,,13751,False
cg07591362,,3937,False
cg06506470,,23191,False
cg02385739,,10977,False
cg07292140,,16444,False
cg06363968,,4771,False
cg09877947,,29570,False
cg00410872,,3847,False
cg00166216,,10601,False
cg06650246,BRCA_17259,548,True
cg07780095,,2946,False
cg10633463,,31326,False
cg01781617,,15135,False
cg01887995,BRCA_97518,264,True
cg04188862,BRCA_162229,1298,True
cg02242344,,3321,False
cg05933736,,4509,False
cg00614503,,28175,False
cg07469637,BRCA_87857,1076,True
cg01415919,BRCA_203971,1440,True
cg03074188,BRCA_94763,329,True
cg06371502,,4528,False
cg02343823,,11002,False
cg08473660,,2751,False
cg02794451,BRCA_137108,37,True
cg08322205,,4282,False
cg05267427,,114880,False
cg06078337,,56329,False
cg07443710,,2362,False
cg06463589,BRCA_168523,1346,True
cg07060006,,3417,False
cg09386682,BRCA_38004,130,True
cg08714590,,6561,False
cg02961934,,2250,False
cg02888131,,2642,False
cg08823975,,2538,False
cg02803037,BRCA_168532,9,True
cg11218954,,4236,False
cg02469909,BRCA_208554,1383,True
cg11691298,,5118,False
cg02680086,,2668,False
cg03859732,,5150,False
cg00918181,BRCA_185040,105,True
cg07053777,,3765,False
cg10194160,,3213,False
cg08347500,,18342,False
cg03826642,BRCA_67792,93,True
cg11863406,,123498,False
cg00840960,,19515,False
cg11784243,BRCA_69270,101,True
cg09687907,,2721,False
cg11692307,,2588,False
cg02115416,,72375,False
cg03707308,BRCA_67383,981,True
cg07299736,BRCA_105632,1826,True
cg10363246,,5948,False
cg05846044,,3626,False
cg01999908,,2846,False
cg03290530,BRCA_45382,435,True
cg08927844,BRCA_80478,359,True
cg09881253,,10570,False
cg02948476,BRCA_155927,1044,True
cg03438943,,12919,False
cg00714725,,106796,False
cg07270021,BRCA_98046,867,True
cg05006473,,7358,False
cg05951860,,5008,False
cg09787089,,3354,False
cg05447100,,3394,False
cg07831351,,5511,False
cg09502069,,5301,False
cg10317314,BRCA_139474,45,True
cg03862437,,9322,False
cg02160083,,63274,False
cg01699217,,64102,False
cg02627403,,4311,False
cg08786026,,3773,False
cg08845291,,10608,False
cg00584026,,9477,False
cg11573679,,19526,False
cg02556649,,56188,False
cg01394819,BRCA_6043,1003,True
cg00960700,,2010,False
cg06133910,,12981,False
cg02313130,,3172,False
cg08949339,,4444,False
cg02941085,,7255,False
cg00505001,,2966,False
cg05389922,,3422,False
cg02997983,,4777,False
cg06148685,,28554,False
cg09061684,,30216,False
cg11169848,,11736,False
cg11889808,,7194,False
cg08214808,BRCA_128386,140,True
cg07043604,,3305,False
cg07719492,,31912,False
cg11609571,,108652,False
cg01156747,BRCA_81812,61,True
cg08502239,,9180,False
cg08124446,,40503,False
cg00352218,,22209,False
cg04011925,,6499,False
cg02495310,BRCA_63182,395,True
cg01271455,BRCA_92216,1148,True
cg05210258,,22921,False
cg01095157,,4098,False
cg07573209,,53043,False
cg06617636,,3428,False
cg06533042,BRCA_14976,1051,True
cg04652097,,27189,False
cg02547269,BRCA_66772,84,True
cg02604524,,5191,False
cg07722774,BRCA_92088,1827,True
cg09088988,,25055,False
cg07425646,,112607,False
cg10300684,,19417,False
cg09452568,,20513,False
cg08569678,,5182,False
cg08488058,,10801,False
cg09297288,BRCA_36804,908,True
cg00156336,BRCA_28033,6,True
cg03976326,,4419,False
cg01332342,,10342,False
cg08587313,,4369,False
cg02438026,,105064,False
cg09010671,,4536,False
cg09227621,,2776,False
cg03837909,,16628,False
cg07653395,BRCA_101186,57,True
cg03994318,,2169,False
cg01057527,,26105,False
cg04445512,BRCA_98868,47,True
cg10688790,,22149,False
cg10188823,,6916,False
cg05790451,,7737,False
cg06274159,,84707,False
cg00544436,BRCA_70678,506,True
cg06108459,BRCA_71924,148,True
cg10851763,,33102,False
cg09615056,,3645,False
cg07458509,BRCA_190113,1674,True
cg08540945,,3156,False
cg01708411,BRCA_141562,838,True
cg03176971,,61185,False
cg03292388,BRCA_50753,91,True
cg00675229,,46295,False
cg06411879,,38814,False
cg02303068,BRCA_146761,44,True
cg02824202,BRCA_184702,161,True
cg05059304,BRCA_67913,113,True
cg02585459,,12262,False
cg00863007,,3365,False
cg08430325,,6958,False
cg10263370,,7578,False
cg11883836,BRCA_46595,1293,True
cg06100368,BRCA_10888,842,True
cg07471461,,7716,False
cg08650910,,19085,False
cg07570142,,8336,False
cg05896377,,2155,False
cg01160882,,188243,False
cg07005055,,2148,False
cg08893692,,15577,False
cg02540440,,6181,False
cg02078690,BRCA_135990,634,True
cg03540794,,6332,False
cg08832603,,2450,False
cg11360416,,964682,False
cg02543636,,4172,False
cg01056242,,13511,False
cg11645318,BRCA_84785,1945,True
cg00374101,,9984,False
cg07747133,,23839,False
cg07838270,,4540,False
cg06861044,,10797,False
cg03535284,BRCA_81711,817,True
cg10572943,BRCA_206117,37,True
cg07137955,BRCA_59464,28,True
cg07972135,,34315,False
cg08309809,,6779,False
cg09718037,,4365,False
cg04552451,BRCA_107339,215,True
cg00025496,BRCA_171191,1112,True
cg05907046,,58729,False
cg09866695,,3629,False
cg08744177,,23215,False
cg06767766,BRCA_120208,1849,True
cg02093006,,8982,False
cg08048194,,4866,False
cg04858536,,25293,False
cg02548132,,2824,False
cg06193520,BRCA_164476,1787,True
cg10453719,,3366,False
cg11173579,,13873,False
cg08621196,,8304,False
cg06972389,,42576,False
cg11400774,BRCA_11785,281,True
cg04262428,,2020,False
cg00144425,,14636,False
cg01398050,,41358,False
cg04051571,,12361,False
cg06114334,BRCA_92014,349,True
cg11366886,,9916,False
cg11824956,,10486,False
cg06732439,,4691,False
cg06381803,BRCA_195967,1047,True
cg04317962,,4741,False
cg02681442,,19102,False
cg00394221,BRCA_12165,696,True
cg04947907,,128961,False
cg05754377,,3860,False
cg00041599,BRCA_66115,1687,True
cg11131384,,2859,False
cg02184673,,2704,False
cg03012726,,44738,False
cg02691362,,25775,False
cg09056181,,12640,False
cg06993703,,10252,False
cg07789132,,5617,False
cg01070209,BRCA_145740,1713,True
cg06637774,,85988,False
cg10549986,,6220,False
cg11216064,,39733,False
cg08214192,BRCA_48929,308,True
cg04016621,,3071,False
cg00163372,,7875,False
cg06056929,,25460,False
cg11006960,,2248,False
cg01765152,BRCA_104848,214,True
cg00512917,,2458,False
cg01166876,,44368,False
cg10203211,,10060,False
cg01124132,,3618,False
cg10886442,,9430,False
cg02441747,,24490,False
cg00674304,,14183,False
cg05301252,,3964,False
cg03047059,,8893,False
cg00022900,,12513,False
cg06211893,,7095,False
cg06510438,BRCA_185009,133,True
cg05457730,,3377,False
cg08542181,,36937,False
cg01031032,,8092,False
cg05368740,BRCA_194094,488,True
cg05977002,,33990,False
cg09627874,,8497,False
cg05474726,,4759,False
cg07691152,,18314,False
cg03607855,BRCA_21218,728,True
cg08101739,,3909,False
cg05983315,BRCA_197687,3,True
cg01200264,BRCA_156451,233,True
cg06257454,,6800,False
cg02971581,BRCA_1386,1776,True
cg00436476,BRCA_69432,244,True
cg08180025,,4934,False
cg08318212,,25081,False
cg11610925,,1190682,False
cg09994356,,10485,False
cg03401357,,2739,False
cg08778805,,22120,False
cg04142864,,38425,False
cg07398614,,5217,False
cg04011995,,3254,False
cg08015388,,17079,False
cg03926906,,13233,False
cg11667451,BRCA_201016,1901,True
cg07540103,,3260,False
cg02611507,,7747,False
cg07035503,,2359,False
cg06104859,,7814,False
cg09260089,,812493,False
cg07059402,BRCA_210188,1605,True
cg03885271,,65043,False
cg09535960,,24625,False
cg08526074,,17199,False
cg10566121,,19674,False
cg01913970,,3259,False
cg04400533,,8046,False
cg05700339,BRCA_185072,256,True
cg03048083,BRCA_177200,378,True
cg05241828,,653046,False
cg00501542,,10629,False
cg07285673,,19763,False
cg07197585,BRCA_8179,320,True
cg01763692,BRCA_54953,1488,True
cg06729532,BRCA_191723,180,True
cg03127334,,13793,False
cg04498913,,2624,False
cg03609960,,4436,False
cg02959939,,1145033,False
cg03449660,BRCA_43558,92,True
cg04136610,BRCA_57717,24,True
cg07691306,,5483,False
cg05391318,,5391,False
cg11176493,,2662,False
cg11287647,,8912,False
cg00384539,,32131,False
cg02427230,BRCA_193003,535,True
cg01428589,,4400,False
cg02944123,,49749,False
cg05741937,BRCA_144449,198,True
cg06846010,BRCA_168520,1374,True
cg09957864,,653065,False
cg09646983,BRCA_80371,949,True
cg06785999,,5229,False
cg01067151,BRCA_6830,1596,True
cg07978472,,13895,False
cg03784083,,73192,False
cg06906952,BRCA_21235,906,True
cg02332982,,15251,False
cg00107682,,4537,False
cg04361551,,65788,False
cg06072835,,46117,False
cg01423964,BRCA_9244,1423,True
cg06647068,,13208,False
cg05348366,,5262,False
cg03459809,,6903,False
cg07963234,BRCA_50402,1745,True
cg06276663,,101327,False
cg04495670,BRCA_131301,197,True
cg00699569,,30460,False
cg07778819,,15815,False
cg05689208,,86027,False
cg00008564,BRCA_69686,597,True
cg07136998,,5196,False
cg05056638,,112848,False
cg00293303,BRCA_136924,697,True
cg01240444,,2051,False
cg11703729,BRCA_116951,1435,True
cg00592643,,19997,False
cg03478249,,12890,False
cg01555614,,29928,False
cg06753086,,7857,False
cg04776357,,65008,False
cg01614237,BRCA_50474,195,True
cg09655666,BRCA_174456,882,True
cg03322161,,5379,False
cg10502354,,2633,False
cg03407747,,4342,False
cg07796002,,4196,False
cg06008926,,4015,False
cg01169559,,6139,False
cg06833564,BRCA_165355,400,True
cg06327407,,6347,False
cg04805181,,4883,False
cg04934382,,2333,False
cg04566512,BRCA_211465,360,True
cg04715503,,2536,False
cg07106761,,6823,False
cg04633225,BRCA_147485,1003,True
cg00779065,,2654,False
cg01841641,,8605,False
cg05687083,,4954,False
cg08836375,,22309,False
cg07876823,,23550,False
cg05227844,BRCA_83475,957,True
cg02667022,,7392,False
cg10646402,,47248,False
cg11091113,,3960,False
cg05468843,,12390,False
cg08935418,BRCA_92247,907,True
cg05639912,,2124,False
cg09825309,BRCA_146582,1704,True
cg08553437,,13932,False
cg08752433,,18169,False
cg08932440,,6033,False
cg07035145,,8995,False
cg10951380,BRCA_12194,732,True
cg10010103,,42906,False
cg08801479,BRCA_70342,1770,True
cg02698576,,20938,False
cg02863073,BRCA_194814,1830,True
cg06488775,,2020,False
cg02984430,,10637,False
cg06728232,BRCA_47515,1077,True
cg07268245,BRCA_104702,1101,True
cg07988171,BRCA_192078,795,True
cg02657245,,11057,False
cg07385694,,4459,False
cg11282650,BRCA_122898,1123,True
cg06746118,,9584,False
cg06948492,,2178,False
cg05347927,,40269,False
cg10249375,,4667,False
cg00376544,,3109,False
cg07216133,BRCA_67534,253,True
cg07748540,,29255,False
cg05453358,BRCA_96819,1898,True
cg08151292,,4947,False
cg11161597,,13809,False
cg07602841,BRCA_168532,5,True
cg01516005,,5788,False
cg02890044,,2458,False
cg10790181,,94972,False
cg00960781,,3086,False
cg06527318,BRCA_3076,1858,True
cg02534072,,2071,False
cg10689409,,13020,False
cg08095852,BRCA_56745,1473,True
cg00772192,,93552,False
cg09067459,BRCA_59322,518,True
cg02413040,BRCA_206364,478,True
cg09829636,,9356,False
cg07454481,,3464,False
cg03205103,,34219,False
cg09327714,,29327,False
cg04066147,BRCA_87347,876,True
cg02328332,,9048,False
cg07437373,,66029,False
cg09884213,,19643,False
cg08130307,BRCA_10557,1352,True
cg04569082,,4076,False
cg07123855,,2825,False
cg05347965,,27661,False
cg01049141,,18493,False
cg11010178,,10266,False
cg02149509,,5236,False
cg07918545,,3757,False
cg04757389,BRCA_189607,378,True
cg11703796,,8161,False
cg11413133,BRCA_173352,1137,True
cg03419885,BRCA_136100,1002,True
cg04728482,,2090,False
cg08907436,BRCA_80371,1053,True
cg08019384,,2013,False
cg01950845,,77167,False
cg06275635,,4764,False
cg02523270,,3612,False
cg07770968,BRCA_97424,751,True
cg10784386,,44907,False
cg06807928,,3565,False
cg03986017,,20276,False
cg01468567,,4454,False
cg07315010,,14452,False
cg10580293,,3481,False
cg03492327,,3407,False
cg07146531,,7104,False
cg01640635,BRCA_210276,127,True
cg09684557,,3944,False
cg00910015,,38437,False
cg05221748,,32049,False
cg10406414,,3944,False
cg11869773,,8557,False
cg10692693,BRCA_88679,143,True
cg01135546,BRCA_177608,582,True
cg07148167,BRCA_157505,544,True
cg01586959,,5192,False
cg11100465,,16983,False
cg03992096,,575248,False
cg08550523,,18857,False
cg02330501,,34273,False
cg11635053,,3348,False
cg10147075,,2441,False
cg06218079,BRCA_183530,76,True
cg01698298,BRCA_129079,1372,True
cg04075191,,309621,False
cg08165971,BRCA_36505,1802,True
cg09775238,,3573,False
cg04223424,BRCA_59467,181,True
cg01514490,BRCA_116430,1182,True
cg06325540,BRCA_164420,184,True
cg10631530,,7986,False
cg00865724,BRCA_192447,132,True
cg00397324,,14154,False
cg08742288,,8642,False
cg01105494,,40285,False
cg09735390,,6625,False
cg00548708,BRCA_177954,1937,True
cg09792204,,119357,False
cg06066587,,7121,False
cg05848579,BRCA_164453,961,True
cg00727675,BRCA_83920,4,True
cg05858079,,3661,False
cg07810733,,19569,False
cg00963378,BRCA_146990,1970,True
cg07537095,,3597,False
cg05463589,BRCA_170856,0,True
cg02372145,BRCA_93693,362,True
cg07222900,,2622,False
cg10024501,,3733,False
cg04972065,BRCA_141020,231,True
cg09196081,,51556,False
cg03683587,,31476,False
cg01890568,BRCA_174180,191,True
cg09167553,,51128,False
cg04052466,BRCA_188930,1992,True
cg05049329,,3114,False
cg09008705,,9974,False
cg05221057,BRCA_150799,288,True
cg06085985,BRCA_125556,147,True
cg02171545,,136656,False
cg08058894,BRCA_201016,955,True
cg05386493,,8142,False
cg01793704,,7597,False
cg04891688,,119671,False
cg07148716,,8129,False
cg10596451,,5755,False
cg11620672,BRCA_68803,413,True
cg06935979,,3843,False
cg01132696,,18493,False
cg04704198,BRCA_131581,929,True
cg05687660,,19318,False
cg08185808,,2027,False
cg04946749,BRCA_181900,234,True
cg06428163,,31257,False
cg01765249,,5919,False
cg09567439,,2192,False
cg11871421,,3237,False
cg10784511,,38168,False
cg09194364,,21003,False
cg04091563,,19530,False
cg05833067,,19062,False
cg09184832,,9838,False
cg05856896,,49552,False
cg01132407,,17916,False
cg03248767,BRCA_172299,803,True
cg09911521,BRCA_189681,76,True
cg10386483,,7421,False
cg06769296,,21282,False
cg03497652,BRCA_165392,444,True
cg10852875,,6761,False
cg03102442,,30407,False
cg11575912,BRCA_189681,74,True
cg02918910,,3622,False
cg04432319,,3365,False
cg07980148,,41547,False
cg06837778,,21638,False
cg09833911,BRCA_170852,115,True
cg11719576,,3947,False
cg06178563,,10624,False
cg03188948,,15473,False
cg07515196,BRCA_190755,590,True
cg03874542,BRCA_116540,1309,True
cg09135320,,79717,False
cg09804380,,2180,False
cg09365002,BRCA_70486,377,True
cg03290281,BRCA_66924,36,True
cg09486902,,48398,False
cg11498582,BRCA_69965,201,True
cg06974428,,6230,False
cg08372947,,3857,False
cg06524039,BRCA_88151,223,True
cg04478428,,45167,False
cg08788717,,11039,False
cg04021544,,3222,False
cg06047020,,70114,False
cg10086212,,21908,False
cg08696316,BRCA_107008,1161,True
cg02869444,,53814,False
cg09334277,,3673,False
cg08767838,BRCA_204002,59,True
cg03514351,BRCA_6964,605,True
cg03780701,BRCA_95735,735,True
cg03848381,,5750,False
cg08482694,,4305,False
cg05753693,,19332,False
cg07103618,,7288,False
cg07790615,,163132,False
cg07428136,BRCA_177681,408,True
cg02582587,,21003,False
cg00290974,BRCA_126377,1447,True
cg00464757,BRCA_50273,1959,True
cg10612452,,2438,False
cg07990843,,1413228,False
cg06182274,,2468,False
cg03653399,BRCA_106256,1256,True
cg06119923,,16312,False
cg06908244,,2920,False
cg04309093,,5782,False
cg06529756,,16384,False
cg07495363,,55824,False
cg01889169,BRCA_81938,862,True
cg02011074,,7405,False
cg03503642,,5600,False
cg07098566,BRCA_70486,185,True
cg02489094,BRCA_90362,959,True
cg09009111,BRCA_184427,337,True
cg00742851,,25279,False
cg02983451,,13554,False
cg00104845,,10306,False
cg07746943,,4909,False
cg11546137,,79523,False
cg00088797,,3058,False
cg07003030,,113115,False
cg01507200,,19445,False
cg10101773,,15679,False
cg08110542,,18574,False
cg04584301,,18078,False
cg03547924,BRCA_200047,186,True
cg10808195,,4190,False
cg04311496,,2408,False
cg04151220,,3830,False
cg10154971,,47413,False
cg00830401,BRCA_91805,858,True
cg10366093,,7654,False
cg10715223,,3770,False
cg02792168,BRCA_122682,1161,True
cg04540512,,22812,False
cg07274590,,2925,False
cg08806408,,17638,False
cg07366503,BRCA_19647,7,True
cg05166490,BRCA_96175,945,True
cg00753399,,8552,False
cg11009590,BRCA_79967,218,True
cg03983645,,25163,False
cg09490880,BRCA_51322,1929,True
cg10792302,,3228,False
cg01205267,,34323,False
cg00035636,BRCA_147059,209,True
cg10652393,,17821,False
cg04690927,,7803,False
cg07342322,BRCA_15388,1058,True
cg03217795,BRCA_166932,604,True
cg06390536,,7431,False
cg05548179,,10474,False
cg01159194,,6039,False
cg00806481,,35032,False
cg05090695,,2801,False
cg05473536,,5620,False
cg03991300,,2296,False
cg09835085,,7926,False
cg08708229,,30063,False
cg03329165,,8416,False
cg02554168,,241227,False
cg10281996,,2385,False
cg03517776,BRCA_26920,1285,True
cg09237133,BRCA_183469,45,True
cg02797871,,12004,False
cg02749784,,15168,False
cg10094886,BRCA_16659,74,True
cg10191210,BRCA_59463,51,True
cg00984146,,33427,False
cg11935153,,7648,False
cg03800922,,10242,False
cg04059454,,6849,False
cg11172693,,26812,False
cg08330217,,2304,False
cg05768427,BRCA_44622,1950,True
cg06685968,,6983,False
cg09501509,,4836,False
cg08015278,,23435,False
cg02532096,,6068,False
cg08985785,,2696,False
cg02846648,,248751,False
cg02634861,BRCA_1351,933,True
cg09324544,,20321,False
cg08030625,BRCA_166701,1469,True
cg09180171,,15333,False
cg10599900,,177258,False
cg11241436,BRCA_14878,794,True
cg04972566,BRCA_131265,218,True
cg05038216,,20870,False
cg04837025,,21966,False
cg07087130,,9772,False
cg04813876,,40508,False
cg02280532,,94672,False
cg03216846,BRCA_9938,458,True
cg01996116,,7075,False
cg05721751,,8363,False
cg01121022,,3439,False
cg10142436,BRCA_158364,831,True
cg06086731,BRCA_4597,187,True
cg11231042,,6682,False
cg10353108,,20152,False
cg04061117,,6424,False
cg09164108,BRCA_59473,407,True
cg06126225,BRCA_146650,689,True
cg05493580,,41184,False
cg09760963,,27269,False
cg11804775,,3918,False
cg10257049,,8531,False
cg01872024,,8876,False
cg00969119,,6888,False
cg10330955,,14902,False
cg00187692,,4312,False
cg03287574,BRCA_57556,67,True
cg10814005,,17497,False
cg02818143,,3145,False
cg08994045,BRCA_125863,674,True
cg00901687,BRCA_178137,272,True
cg03544320,BRCA_50402,1513,True
cg09463882,,65232,False
cg00335715,,13242,False
cg04344565,,2898,False
cg08544192,BRCA_45938,339,True
cg02943456,BRCA_94508,936,True
cg00840403,BRCA_169541,1870,True
cg09230905,BRCA_127632,225,True
cg00939682,,23730,False
cg09182678,BRCA_211853,1087,True
cg02670123,,22864,False
cg04014105,,16524,False
cg05512684,,9179,False
cg11835068,,3700,False
cg07141605,,18405,False
cg06530338,,7935,False
cg05268203,BRCA_30285,34,True
cg09077096,,5619,False
cg10634619,,3450,False
cg01377268,,2245,False
cg03396103,,8550,False
cg00839584,,38932,False
cg11018018,BRCA_119182,299,True
cg10334323,,9237,False
cg02700894,,19928,False
cg05707211,BRCA_94671,267,True
cg03405315,,11270,False
cg01283246,BRCA_63292,514,True
cg08146483,,12475,False
cg11914795,,42056,False
cg03900143,,102705,False
cg11433622,,16252,False
cg09015973,BRCA_31162,233,True
cg06117072,,24912,False
cg09363068,,8487,False
cg01461552,,82575,False
cg01040523,,3838,False
cg01315092,,20734,False
cg02881570,,8697,False
cg04149172,,3424,False
cg08802841,,8152,False
cg00986130,,108552,False
cg04883903,,4258,False
cg02744046,,10624,False
cg08725167,,6680,False
cg10716835,,115802,False
cg01942318,,198819,False
cg11243304,,3673,False
cg03961510,,7473,False
cg01626681,BRCA_190800,1312,True
cg05687686,,11377,False
cg00483304,BRCA_26951,386,True
cg09329936,BRCA_121480,284,True
cg10313385,BRCA_108222,38,True
cg02369450,BRCA_57564,1448,True
cg02933119,,9425,False
cg06100756,,7823,False
cg09734932,,5137,False
cg00027083,BRCA_184640,233,True
cg01097881,,7682,False
cg02245794,BRCA_95570,239,True
cg01046951,,2805,False
cg06419732,BRCA_16943,1929,True
cg00091953,,5110,False
cg11195360,,9993,False
cg07800208,,39735,False
cg08147563,,8767,False
cg05852568,,10613,False
cg04098866,,22838,False
cg02914422,BRCA_84459,1273,True
cg11537355,,48884,False
cg00710180,,5629,False
cg07142797,BRCA_119212,13,True
cg10043253,,17190,False
cg06009215,,41187,False
cg00686823,,6620,False
cg01075918,BRCA_184917,297,True
cg08013331,BRCA_141307,944,True
cg01720337,,16423,False
cg03191045,,5082,False
cg10680051,,4784,False
cg06902071,,3923,False
cg04865491,BRCA_199478,734,True
cg11179081,,15946,False
cg00089798,,3253,False
cg10471437,,3554,False
cg05449136,,3222,False
cg04937080,,12186,False
cg06124285,,4865,False
cg03361379,,6245,False
cg08684639,BRCA_56745,1180,True
cg09734837,,10601,False
cg06203364,BRCA_333,1646,True
cg07076175,,6655,False
cg11599864,BRCA_71293,622,True
cg06746274,,10691,False
cg03880173,,9342,False
cg03806095,,4688,False
cg10625020,,96209,False
cg02109484,BRCA_27956,44,True
cg11758945,BRCA_106578,506,True
cg06365270,,11965,False
cg07891531,,5763,False
cg02702515,,25610,False
cg03962421,BRCA_92144,373,True
cg09019154,,7554,False
cg03139377,,13969,False
cg04006323,,17381,False
cg06319822,,9725,False
cg03521774,BRCA_99712,1388,True
cg03296565,,22786,False
cg03479204,,26216,False
cg02983950,BRCA_4597,332,True
cg03629943,BRCA_122657,545,True
cg09368075,BRCA_34845,1240,True
cg03359337,BRCA_97683,1401,True
cg10476112,,2903,False
cg07892785,BRCA_39860,999,True
cg08276755,,53811,False
cg07385362,BRCA_164486,1061,True
cg06934974,,24456,False
cg02736288,,6152,False
cg09576143,BRCA_124638,1792,True
cg01672943,,2791,False
cg05338976,,12763,False
cg05594873,,46436,False
cg03242471,,3398,False
cg01384488,,812442,False
cg01517148,,109438,False
cg04554576,BRCA_34242,1804,True
cg10955669,,9375,False
cg07751287,BRCA_13307,615,True
cg09592244,,23768,False
cg06662976,,14342,False
cg07598549,,19063,False
cg11291081,,20752,False
cg00775863,,120895,False
cg06915470,BRCA_189436,159,True
cg09626054,,35840,False
cg01825295,,117325,False
cg02487987,,129809,False
cg08486180,,60930,False
cg07100532,BRCA_184360,292,True
cg07581732,,8903,False
cg04451579,,11177,False
cg00908408,BRCA_84684,1672,True
cg04143909,,4305,False
cg11062778,,2375,False
cg02526439,,47465,False
cg04305621,,5811,False
cg02415779,BRCA_207903,919,True
cg01541867,BRCA_110589,719,True
cg07342108,BRCA_16900,317,True
cg04819499,,10874,False
cg09404551,,8630,False
cg07201456,,11392,False
cg00738934,,6203,False
cg10218605,,3854,False
cg04582294,,19966,False
cg09420439,BRCA_83889,150,True
cg09866743,,75494,False
cg04510564,,9351,False
cg09560465,BRCA_84554,595,True
cg03790250,,3455,False
cg02227453,,112424,False
cg02333588,,2232,False
cg06836406,,7574,False
cg02943578,,9766,False
cg08962452,,2014,False
cg01303723,,813313,False
cg09027601,,13630,False
cg01490102,,53888,False
cg09844474,BRCA_70460,272,True
cg05385513,,17899,False
cg04209913,BRCA_59200,1303,True
cg05780864,BRCA_106019,817,True
cg01045337,,2233,False
cg11821068,,4785,False
cg07450292,,132864,False
cg09844805,,81386,False
cg07558472,,3606,False
cg02820836,,10102,False
cg11833968,,9924,False
cg09428340,BRCA_81167,515,True
cg07382554,BRCA_188128,477,True
cg08464402,,4651,False
cg05852143,,36164,False
cg09639725,,1113927,False
cg09133892,,10283,False
cg09313705,,42708,False
cg01517740,,4292,False
cg10880203,,2547,False
cg08934846,,2342,False
cg07180883,,21804,False
cg02560310,,21194,False
cg07756434,,23961,False
cg09808235,BRCA_454,552,True
cg00680081,,7493,False
cg05164181,,5343,False
cg01806972,BRCA_130216,682,True
cg05213296,BRCA_76605,1535,True
cg08120263,,19107,False
cg05718034,BRCA_799,893,True
cg07470207,,7126,False
cg05525743,,3172,False
cg00514609,,4894,False
cg04830440,,2406,False
cg02312409,,10134,False
cg02964396,,4098,False
cg02216246,,11596,False
cg09117448,,3727,False
cg02726898,,6458,False
cg06911354,,2802,False
cg04806150,,39322,False
cg10155432,,38640,False
cg05995220,,206278,False
cg11202686,,4312,False
cg01055386,,5153,False
cg10657250,,26285,False
cg08077673,,7253,False
cg02600085,,5079,False
cg00987461,,4640,False
cg04527868,BRCA_210998,496,True
cg10615414,,3501,False
cg03209812,BRCA_59474,60,True
cg02183671,BRCA_51082,1165,True
cg07684519,,14795,False
cg01790002,,5775,False
cg04225104,,16346,False
cg05042034,,4221,False
cg05686497,BRCA_62743,1183,True
cg11877251,,10518,False
cg10147797,,4496,False
cg08138685,,11765,False
cg10116893,,2400,False
cg11050612,BRCA_46060,235,True
cg04839131,,13077,False
cg07783183,,10328,False
cg03520938,,23075,False
cg09831620,,11937,False
cg00389463,BRCA_190406,1718,True
cg09142313,,15318,False
cg04168853,BRCA_194351,1568,True
cg10424417,,31952,False
cg08363339,BRCA_203573,228,True
cg11582018,,6382,False
cg08734740,BRCA_59676,345,True
cg08571859,,36140,False
cg02461341,BRCA_81285,353,True
cg05281894,,2178,False
cg03730474,,6349,False
cg05182265,BRCA_92142,1119,True
cg00827989,,19810,False
cg06934132,BRCA_50621,1864,True
cg03475665,,2881,False
cg03750034,,5747,False
cg04741118,BRCA_144060,657,True
cg07456629,,21021,False
cg01114088,,3723,False
cg09496385,,50142,False
cg07345934,BRCA_3906,1370,True
cg04253037,,2916,False
cg02520212,,32217,False
cg09510077,,5021,False
cg09662034,,32689,False
cg02400308,BRCA_65129,104,True
cg03190578,BRCA_38407,363,True
cg01012879,BRCA_21286,930,True
cg03951603,,3821,False
cg05909475,,2152,False
cg07054564,,2251,False
cg07010373,,14650,False
cg05477457,,7407,False
cg06192883,,4204,False
cg02639435,,2274,False
cg09047573,,24467,False
cg10820904,,5769,False
cg02874376,,3936,False
cg09399225,,4395,False
cg11936341,BRCA_66805,259,True
cg04100532,,27204,False
cg02681173,,61720,False
cg10400652,,5186,False
cg08272731,,12720,False
cg11215976,BRCA_20863,367,True
cg09567511,BRCA_50412,599,True
cg10377903,BRCA_122685,1119,True
cg01216369,BRCA_47515,1709,True
cg03811055,,4762,False
cg07877987,,84077,False
cg08325191,,969243,False
cg06557421,,11558,False
cg11601252,,8643,False
cg03651219,BRCA_116186,409,True
cg00577935,,36142,False
cg00601648,,5492,False
cg08253296,,4010,False
cg07894334,BRCA_25734,545,True
cg02656891,,47989,False
cg03921753,,3762,False
cg08446824,BRCA_50049,104,True
cg11282676,BRCA_69313,247,True
cg06636541,,14169,False
cg08666831,BRCA_196229,382,True
cg06570025,,66489,False
cg02770061,,17576,False
cg08533745,,6865,False
cg07916654,,1153862,False
cg05910443,BRCA_88679,170,True
cg01185766,,28269,False
cg09874333,,2535,False
cg09068528,,22539,False
cg06620390,,19345,False
cg05066096,,5779,False
cg01407254,,2670,False
cg02304092,,5873,False
cg04652282,,4079,False
cg11574975,,2561,False
cg07804289,,8382,False
cg04124626,,76907,False
cg07513950,,30622,False
cg03108070,,2972,False
cg10076479,,13085,False
cg03826594,,42135,False
cg08162976,,25734,False
cg06733903,BRCA_139383,394,True
cg01075271,,24970,False
cg09969277,,4383,False
cg06005876,BRCA_28374,1152,True
cg00404053,,2871,False
cg05551889,,10491,False
cg01783070,,3628,False
cg09923107,,56633,False
cg02432280,,33826,False
cg04511041,BRCA_63754,1658,True
cg01449756,,2512,False
cg04844038,,9408,False
cg00647859,BRCA_15161,405,True
cg08546589,,5553,False
cg01372071,,5602,False
cg08169949,,4811,False
cg00466268,,10382,False
cg03364108,BRCA_208554,1420,True
cg10635494,,13790,False
cg05784088,,22567,False
cg06793849,,50992,False
cg00582524,,17029,False
cg10316490,BRCA_15317,1429,True
cg00578614,,2826,False
cg07873290,BRCA_99326,115,True
cg11635839,,27300,False
cg04514123,BRCA_164682,111,True
cg11164649,BRCA_177772,196,True
cg07871590,,7250,False
cg10179315,BRCA_179684,152,True
cg05915293,BRCA_164682,176,True
cg06226675,,9512,False
cg07944863,BRCA_21037,965,True
cg08063051,BRCA_164493,26,True
cg01367992,BRCA_12448,1340,True
cg04911005,,5840,False
cg07638105,BRCA_40911,155,True
cg03340649,BRCA_40196,1452,True
cg07348009,,45993,False
cg05246522,,1290456,False
cg07682600,BRCA_66528,1962,True
cg00375608,,12328,False
cg05593641,,12114,False
cg09603829,BRCA_26109,301,True
cg01978558,BRCA_100394,1067,True
cg00363080,BRCA_115779,829,True
cg05308656,BRCA_36662,286,True
cg08680048,,2871,False
cg11202422,,10730,False
cg02206767,BRCA_172867,306,True
cg09259037,,8850,False
cg11305677,BRCA_52364,1828,True
cg06897442,,8073,False
cg01370241,,2786,False
cg00142266,,2681,False
cg02453013,BRCA_164446,146,True
cg11832722,,257576,False
cg03923561,,2833,False
cg01703246,BRCA_92470,117,True
cg08309529,,5185,False
cg03854765,,13516,False
cg06395652,,18550,False
cg07250758,,3055,False
cg09742643,,32046,False
cg08864344,,9380,False
cg01942863,,6256,False
cg06159352,BRCA_84784,961,True
cg03306486,BRCA_188736,1089,True
cg09876683,BRCA_57877,559,True
cg01708344,,59768,False
cg08159291,,4341,False
cg07015911,,64958,False
cg02595575,,3876,False
cg03796321,,24491,False
cg09439920,,4028,False
cg08382235,,2702,False
cg09806262,,56947,False
cg03421195,,8401,False
cg00584000,,4294,False
cg00202454,,47384,False
cg08567279,,16070,False
cg04008252,BRCA_52764,1122,True
cg03335136,,3409,False
cg05575054,,5332,False
cg03209642,BRCA_162657,1104,True
cg04740359,,8875,False
cg06176471,,10059,False
cg08148261,,7844,False
cg04068042,BRCA_78374,259,True
cg09085041,,26166,False
cg01530024,,59798,False
cg11903920,,12123,False
cg02160530,BRCA_168524,1238,True
cg10015974,,6046,False
cg01436998,BRCA_194332,220,True
cg04362211,,27066,False
cg11609156,,6156,False
cg11906829,BRCA_91150,304,True
cg02976588,,14330,False
cg05626376,BRCA_70294,1507,True
cg08415592,,10116,False
cg03091851,,5525,False
cg04777726,BRCA_196586,128,True
cg05306310,,2710,False
cg08390172,,173823,False
cg00026141,,79408,False
cg06617456,,3805,False
cg07507559,,46106,False
cg04636269,BRCA_174519,1586,True
cg09173378,,8950,False
cg10513702,,13275,False
cg10975798,BRCA_100593,196,True
cg06390643,BRCA_48461,291,True
cg00206063,BRCA_115948,112,True
cg06942183,,42824,False
cg05672569,,2929,False
cg11586570,,291726,False
cg08523384,,6107,False
cg04370314,,9590,False
cg06304401,,15673,False
cg03252313,,32839,False
cg06611115,,17469,False
cg04843688,,26920,False
cg00410106,,2256,False
cg01334432,,2342,False
cg07333715,,2274,False
cg05630016,,7205,False
cg03461110,,2788,False
cg10062803,,5560,False
cg07813249,,12890,False
cg06110701,,6803,False
cg07548607,,58707,False
cg03110300,,155818,False
cg01749725,,11961,False
cg10687219,,13999,False
cg09149648,BRCA_201171,173,True
cg00676536,BRCA_25055,1891,True
cg02512867,,23211,False
cg06954658,BRCA_188128,485,True
cg05484949,BRCA_174970,20,True
cg01272707,BRCA_69389,187,True
cg08528486,BRCA_150943,1174,True
cg03787088,,6978,False
cg00678050,BRCA_57011,284,True
cg09508289,BRCA_67188,185,True
cg09168501,,12694,False
cg06762750,,2437,False
cg00820405,,16166,False
cg09349604,,15311,False
cg04578774,,7312,False
cg09824603,,31034,False
cg01801610,,2035,False
cg07541744,,7945,False
cg10092108,,4548,False
cg11699435,,15143,False
cg06034127,,78082,False
cg09404689,,57475,False
cg04330597,,6952,False
cg03150753,,3416,False
cg08524803,,3448,False
cg08244085,,5244,False
cg07414525,,9483,False
cg04142296,BRCA_95628,119,True
cg03590420,,29939,False
cg09141450,,22135,False
cg08126203,BRCA_2286,1008,True
cg00368924,BRCA_92219,642,True
cg01996567,,5451,False
cg06510261,,3291,False
cg04208434,BRCA_44901,151,True
cg03074370,BRCA_196805,1119,True
cg05343073,,121423,False
cg03457781,,3699,False
cg08378830,,17118,False
cg00347757,BRCA_146993,662,True
cg05994094,,9155,False
cg07497941,BRCA_125641,1690,True
cg01236734,,3506,False
cg05663278,,8440,False
cg07531663,BRCA_96893,949,True
cg04674428,,103348,False
cg10767372,,6543,False
cg00921266,BRCA_83905,458,True
cg05327864,,187876,False
cg00880018,,5985,False
cg09378456,,10698,False
cg07783480,,146239,False
cg09017941,BRCA_19785,1001,True
cg11250941,,21853,False
cg03775163,BRCA_151009,1049,True
cg07241084,BRCA_85512,663,True
cg02079933,BRCA_13307,814,True
cg07352345,,4015,False
cg03735888,,344149,False
cg02802029,,19754,False
cg07910065,,11141,False
cg02980621,,15406,False
cg00731304,BRCA_68756,109,True
cg04747322,,11595,False
cg09753013,,13062,False
cg00718242,,4324,False
cg10633601,BRCA_5744,482,True
cg06899313,,4219,False
cg05297437,BRCA_203555,1794,True
cg05520409,,5008,False
cg04774930,,39012,False
cg08408740,,61058,False
cg07157893,BRCA_56329,1490,True
cg05120309,,8930,False
cg06962944,BRCA_201016,405,True
cg05928053,,5558,False
cg10902738,,2704,False
cg02455706,,5366,False
cg01551350,BRCA_12471,87,True
cg11895696,,14933,False
cg05624930,,8868,False
cg05831188,,42675,False
cg10448808,,9012,False
cg08878567,,8075,False
cg01971181,,30001,False
cg10439737,,4040,False
cg03394150,,3476,False
cg00168694,,26401,False
cg08290240,BRCA_203888,634,True
cg09905511,,44904,False
cg10861897,,25186,False
cg05828005,,14869,False
cg07561747,,3541,False
cg11727383,BRCA_122898,679,True
cg05062612,,7696,False
cg10104252,,7612,False
cg10201712,,60215,False
cg05539745,BRCA_59650,77,True
cg08632909,BRCA_131433,96,True
cg11660826,,4058,False
cg03538436,,3842,False
cg04728978,,48908,False
cg10480461,,2411,False
cg04336561,,6558,False
cg04348247,,2153,False
cg07612562,,247303,False
cg03668718,,26547,False
cg01762070,,2234,False
cg06003986,,18153,False
cg04402007,,70892,False
cg07115626,,17426,False
cg02595832,,3874,False
cg03625676,,4345,False
cg03329572,,17417,False
cg00267142,,3665,False
cg05888643,,5847,False
cg07961887,BRCA_99785,203,True
cg01587049,,11182,False
cg04396721,,8658,False
cg07400592,,56670,False
cg11672740,,19094,False
cg04505252,BRCA_68410,290,True
cg00876757,,143753,False
cg04985661,,31987,False
cg05709782,BRCA_201878,66,True
cg05765011,BRCA_165196,144,True
cg04972046,BRCA_81556,1112,True
cg08624680,BRCA_76252,1972,True
cg08096367,,60481,False
cg03096126,,40009,False
cg07139762,,3331,False
cg00989986,,5248,False
cg11117364,,7790,False
cg08528984,,46464,False
cg05882680,BRCA_177954,879,True
cg06653045,,4300,False
cg04763554,,46968,False
cg01587630,BRCA_83474,1974,True
cg05240760,,9565,False
cg05770238,,3813,False
cg08265926,,3439,False
cg04495995,,29574,False
cg02069524,,6390,False
cg01216370,,4672,False
cg04564030,,4321,False
cg05279092,,8824,False
cg10557683,,25178,False
cg00566297,BRCA_21047,666,True
cg00491428,BRCA_91805,548,True
cg07834743,BRCA_57717,292,True
cg03723510,BRCA_59487,122,True
cg05647859,,46299,False
cg06151165,,2899,False
cg01016191,,9106,False
cg01718447,,4966,False
cg08332594,,11010,False
cg11724750,,12063,False
cg07570723,,8323,False
cg10576051,,15624,False
cg00333226,,13560,False
cg11467141,BRCA_31187,1250,True
cg10063845,,95809,False
cg08930672,,21556,False
cg05678462,BRCA_66925,226,True
cg10932874,,7169,False
cg01984802,,12820,False
cg06489728,,150050,False
cg07838495,BRCA_172163,113,True
cg02108850,,18079,False
cg07112154,,4925,False
cg03540175,BRCA_40671,1675,True
cg11246938,,8230,False
cg07092029,,12329,False
cg05731713,,9401,False
cg08824840,,15126,False
cg05864564,,10165,False
cg04050867,,7393,False
cg04986899,BRCA_166412,1256,True
cg04643822,,45565,False
cg09052854,,13921,False
cg04093633,,24340,False
cg11424456,,5919,False
cg11026400,,5144,False
cg02736313,,27039,False
cg01310473,,169779,False
cg08249988,BRCA_192888,1762,True
cg05876463,,2485,False
cg03000419,BRCA_133876,318,True
cg03227184,,13956,False
cg06732395,,3474,False
cg09032310,,39467,False
cg01461410,,8883,False
cg09322899,,2863,False
cg03852144,,77989,False
cg07252308,BRCA_11017,387,True
cg00308440,,84858,False
cg02304233,,6116,False
cg02305377,,17479,False
cg01144768,BRCA_21676,399,True
cg11253913,,3251,False
cg10283505,,25370,False
cg01101344,BRCA_164635,1024,True
cg09026038,,6332,False
cg02749463,,66576,False
cg10932018,BRCA_59781,1209,True
cg08526991,BRCA_21983,159,True
cg04774597,,8017,False
cg04507775,,21416,False
cg07819944,BRCA_124764,1560,True
cg07224291,BRCA_78752,855,True
cg02004370,,22200,False
cg04343045,,12082,False
cg11471772,,2419,False
cg09240763,,5038,False
cg01305745,BRCA_167600,907,True
cg01824933,BRCA_182178,274,True
cg03433642,,6569,False
cg04852776,,4122,False
cg09220361,,187669,False
cg04273303,,2790,False
cg02701024,,92008,False
cg04030486,,85699,False
cg03186486,,15726,False
cg06120359,,3756,False
cg01576677,,3625,False
cg09628962,,33566,False
cg05374271,,7936,False
cg02192520,BRCA_141324,1410,True
cg02504820,,295059,False
cg02091109,,89898,False
cg08443845,BRCA_206365,502,True
cg06940792,,5392,False
cg09987620,,26243,False
cg07629776,,12628,False
cg00104608,,57329,False
cg01999046,,1562108,False
cg00210856,BRCA_65023,532,True
cg06582782,,8844,False
cg11355135,,5066,False
cg06797617,,9242,False
cg01421943,,17980,False
cg10396546,,58645,False
cg07515422,,6661,False
cg04543008,,9899,False
cg05956608,BRCA_17474,1288,True
cg07147449,BRCA_145264,31,True
cg04534697,,22671,False
cg10418524,,63638,False
cg08330690,,9034,False
cg07831273,,7267,False
cg04598517,,2215,False
cg01184975,,38545,False
cg02213684,BRCA_63182,692,True
cg02388319,,15407,False
cg00085416,BRCA_99129,142,True
cg00963071,,11705,False
cg06600725,,8592,False
cg06299307,,6520,False
cg09024435,,34780,False
cg01655356,BRCA_131642,1605,True
cg04023150,,8383,False
cg10830145,,14388,False
cg11851804,,3655,False
cg03048084,,4351,False
cg02876191,,7240,False
cg10549331,BRCA_105873,46,True
cg02968405,,6813,False
cg09671258,,4194,False
cg03018634,,29968,False
cg05985589,,3506,False
cg10580144,,51597,False
cg10037494,,4161,False
cg03592218,,9841,False
cg02611848,BRCA_27956,178,True
cg07537417,,5634,False
cg10529555,BRCA_16864,1798,True
cg05096467,,5779,False
cg11806439,,9301,False
cg00218447,,4286,False
cg10094616,,6625,False
cg01695083,,1147788,False
cg10508317,BRCA_182487,630,True
cg05184456,,482178,False
cg06740600,,5636,False
cg03978375,,3612,False
cg06444282,,8437,False
cg05900538,,7522,False
cg05133205,,2246,False
cg04349243,BRCA_121951,486,True
cg04780086,,8413,False
cg11597131,,64540,False
cg06355908,,1110364,False
cg10192893,,13379,False
cg04014062,,26068,False
cg06105694,,6481,False
cg04118102,,4829,False
cg05160563,,35194,False
cg00991794,,10105,False
cg06742719,,2669,False
cg06153448,BRCA_22271,86,True
cg09055992,,5122,False
cg02589685,BRCA_125867,1069,True
cg07636194,,15472,False
cg04986015,,7440,False
cg01388649,BRCA_177681,316,True
cg10184289,,3116,False
cg07802350,,63533,False
cg00563926,,25618,False
cg01940855,,14127,False
cg00527440,,446252,False
cg09054633,,21780,False
cg04522625,,11630,False
cg04596071,BRCA_82098,1094,True
cg08508368,,6525,False
cg10425245,,5346,False
cg11505113,BRCA_18133,1415,True
cg01941585,,2481,False
cg03417788,,26247,False
cg01030121,,92847,False
cg06457534,,60068,False
cg03837313,,9841,False
cg02855850,,2711,False
cg07739205,,3691,False
cg09142578,,25542,False
cg05542338,BRCA_50395,736,True
cg10436410,,12625,False
cg01000937,,23726,False
cg04251368,BRCA_125868,235,True
cg04674529,,27621,False
cg01770948,BRCA_164226,170,True
cg08713073,,2158,False
cg05264279,BRCA_92251,1161,True
cg02247178,,23572,False
cg09695033,,19767,False
cg07071478,BRCA_140298,1125,True
cg05509609,,25967,False
cg11112911,,9688,False
cg09737314,,4347,False
cg02541778,,13752,False
cg05909343,,17853,False
cg04215800,,14481,False
cg00067742,,13528,False
cg04685170,BRCA_88012,1015,True
cg04576672,BRCA_141183,1141,True
cg01637175,BRCA_173352,1326,True
cg11230435,,2614,False
cg07984133,BRCA_147488,1376,True
cg04534765,BRCA_188050,1671,True
cg01070161,BRCA_49765,69,True
cg01419831,,21933,False
cg04840339,,3842,False
cg10399929,,26558,False
cg02910054,,11483,False
cg09597070,,23511,False
cg03269020,,35418,False
cg04724807,,18112,False
cg11213520,BRCA_145197,643,True
cg01875838,BRCA_190647,312,True
cg08489309,,54428,False
cg06678468,,5902,False
cg03763508,BRCA_83891,10,True
cg02573357,,5463,False
cg11823511,,17396,False
cg07894967,,28696,False
cg10331100,BRCA_170918,1746,True
cg05477834,,4269,False
cg08158952,,8435,False
cg03792162,,30366,False
cg06923531,BRCA_191795,102,True
cg00003298,BRCA_145197,324,True
cg07748159,BRCA_133876,534,True
cg03357798,,24743,False
cg08622675,,6247,False
cg06186992,,3812,False
cg01534527,BRCA_39720,139,True
cg06233731,,7927,False
cg09670128,,3928,False
cg04972745,,2020,False
cg09433131,,13777,False
cg10231116,,8430,False
cg07851675,BRCA_57626,312,True
cg01419567,BRCA_99296,1328,True
cg08920032,,5543,False
cg02870946,,26155,False
cg11773243,,128510,False
cg08673716,,4810,False
cg05626259,,22184,False
cg01554963,,9277,False
cg04342202,,4894,False
cg00544449,,12353,False
cg02974928,BRCA_14635,911,True
cg01149239,,5136,False
cg02677198,,15433,False
cg01480180,,6996,False
cg01011918,,13643,False
cg05277122,,2299,False
cg00853103,,428499,False
cg10305797,,5588,False
cg10427027,,37743,False
cg07898264,,18638,False
cg08251761,BRCA_125433,284,True
cg08103988,,2013,False
cg09265586,,5500,False
cg03748376,,137507,False
cg09065714,,13100,False
cg11916478,,2484,False
cg05373875,,7770,False
cg02495445,,172519,False
cg09829319,,4696,False
cg08787268,,2327,False
cg02043159,,131682,False
cg10290276,BRCA_125801,1337,True
cg07945618,BRCA_163816,19,True
cg01819759,,3881,False
cg02571636,,47668,False
cg01234308,,13456,False
cg02736505,BRCA_21672,194,True
cg03257172,,6792,False
cg07447922,,12487,False
cg06296331,,10897,False
cg05293738,,4256,False
cg03604322,,12667,False
cg00193021,,29967,False
cg09383907,,3784,False
cg08666915,,2235,False
cg05242915,BRCA_188669,73,True
cg07277061,,35063,False
cg09839635,,61525,False
cg02666246,,6163,False
cg01056889,,20282,False
cg06038201,BRCA_129949,222,True
cg00778190,,4645,False
cg04392284,,1233686,False
cg07521789,BRCA_156454,82,True
cg00336150,BRCA_30285,564,True
cg01424839,BRCA_193402,1162,True
cg02054964,,12162,False
cg11348442,,2511,False
cg08725319,BRCA_92204,1404,True
cg02145932,,3327,False
cg05556361,BRCA_100387,1514,True
cg00366103,,9912,False
cg02129737,,19836,False
cg00868875,,8035,False
cg01341216,,12381,False
cg04963199,BRCA_170746,575,True
cg03729152,,2432,False
cg11536940,,8850,False
cg01539036,,10759,False
cg05942574,BRCA_178177,438,True
cg03905795,BRCA_131642,356,True
cg04034967,,53815,False
cg08493294,,7691,False
cg08997628,,17005,False
cg05415131,,11929,False
cg05072008,,4908,False
cg00945293,,46813,False
cg03177551,,2005,False
cg09285543,,6762,False
cg08643994,,33197,False
cg00582583,,14942,False
cg01808736,BRCA_57323,114,True
cg09059466,,18021,False
cg05849109,,36333,False
cg07964754,BRCA_170320,1742,True
cg00070899,BRCA_70658,1706,True
cg00161955,,11464,False
cg06889339,BRCA_81556,1005,True
cg04025150,,47646,False
cg08182270,,13976,False
cg05315321,BRCA_154163,113,True
cg02331830,,5317,False
cg05728019,BRCA_67004,51,True
cg11374425,,33564,False
cg00418216,,2090,False
cg11902424,,6791,False
cg04175027,,261483,False
cg11829608,,15555,False
cg06043792,,42699,False
cg11782635,,3446,False
cg05060949,,5933,False
cg09214243,,2391,False
cg06705265,,441879,False
cg06430465,BRCA_164381,180,True
cg00056433,BRCA_12603,1001,True
cg02925367,,2098,False
cg08533336,,20764,False
cg02660277,,5875,False
cg08447739,BRCA_124638,1784,True
cg09468264,,26919,False
cg04646674,BRCA_191339,1761,True
cg11444704,,2457,False
cg03601372,,2658,False
cg05309948,,2030,False
cg03221483,BRCA_182090,1042,True
cg10175249,,200356,False
cg05151154,,17423,False
cg02921623,,119648,False
cg02736420,,16247,False
cg08398691,,91351,False
cg08867825,,74183,False
cg08246405,,126192,False
cg05111645,,12751,False
cg04560213,,33732,False
cg03238396,,10287,False
cg03320170,,14376,False
cg05922384,,12169,False
cg08466792,BRCA_57656,180,True
cg04197086,,20382,False
cg07851738,,7266,False
cg02717150,,3619,False
cg05591741,,5485,False
cg11370064,,137683,False
cg08993172,BRCA_128202,1915,True
cg05997414,,8510,False
cg08354889,BRCA_127575,1744,True
cg11784799,BRCA_106466,116,True
cg03260792,,4809,False
cg06623778,,3625,False
cg07133629,,195097,False
cg04424621,,10131,False
cg02052142,,11310,False
cg05394840,,32769,False
cg06951565,BRCA_66392,741,True
cg08263750,,159930,False
cg00401433,,9101,False
cg04508804,,10986,False
cg02944312,,8393,False
cg05574515,,5392,False
cg06914015,,50930,False
cg02273398,BRCA_72608,1103,True
cg01518723,,7586,False
cg11964006,,12789,False
cg04112211,,10594,False
cg02245566,,86405,False
cg08609839,BRCA_57486,405,True
cg03527501,,4718,False
cg09851528,,28659,False
cg03393996,BRCA_50034,252,True
cg05729015,,144982,False
cg04222358,,40651,False
cg07020596,,19200,False
cg11199869,BRCA_13710,149,True
cg03225210,,40991,False
cg07931411,,4147,False
cg03055671,,3245,False
cg08227526,,3314,False
cg01015395,,12199,False
cg04574459,,342776,False
cg11383802,BRCA_131719,976,True
cg06103243,BRCA_49158,976,True
cg09947844,,10310,False
cg04563046,,6234,False
cg00466108,,43841,False
cg08808128,,20211,False
cg03270710,,5574,False
cg09175834,,100344,False
cg10954469,,5024,False
cg09135656,,5427,False
cg01421140,,59350,False
cg05634428,BRCA_57361,1203,True
cg07281370,,3236,False
cg07326438,,10580,False
cg11382529,,4975,False
cg10902101,,72042,False
cg03367622,,12993,False
cg08171206,,5882,False
cg02264082,,37399,False
cg04672750,,5107,False
cg04496791,BRCA_71547,987,True
cg01156249,,12188,False
cg10771315,,95272,False
cg04108298,,365477,False
cg01735080,,2403,False
cg09635053,,6333,False
cg11376339,BRCA_25146,10,True
cg08493776,,10706,False
cg08484080,,2991,False
cg09853371,,20226,False
cg04085768,,22847,False
cg10938702,BRCA_59486,331,True
cg03243226,,34658,False
cg11227520,,3202,False
cg03243450,BRCA_57548,116,True
cg11459006,,14975,False
cg03826463,BRCA_48505,1435,True
cg01943766,,3277,False
cg06931941,BRCA_172001,1964,True
cg03757784,,38020,False
cg04418999,,22661,False
cg08439122,BRCA_18991,314,True
cg01702312,BRCA_150797,584,True
cg11631592,BRCA_79944,476,True
cg03691144,,24485,False
cg03951219,,19744,False
cg06503907,BRCA_67913,65,True
cg00126320,,6522,False
cg11836212,BRCA_4450,1007,True
cg00535683,,9070,False
cg11712990,,10606,False
cg01310920,,6596,False
cg11885396,,15555,False
cg11398452,,16548,False
cg09977969,,2328,False
cg06704573,,15549,False
cg09411597,,11508,False
cg11738198,,20883,False
cg00726029,,35908,False
cg02433671,BRCA_190799,666,True
cg11390378,BRCA_55638,1941,True
cg02964065,,23261,False
cg02641517,,23116,False
cg11642377,,30111,False
cg05756492,BRCA_17222,1331,True
cg03953232,,24670,False
cg00628788,,159863,False
cg08678044,,18918,False
cg10193997,,64461,False
cg07401230,,25028,False
cg11591325,,122127,False
cg08866780,,21720,False
cg05158615,,22747,False
cg05287284,,40298,False
cg03336086,,45011,False
cg03615568,,95663,False
cg11256956,BRCA_137208,798,True
cg09571972,BRCA_66878,126,True
cg06567290,,4321,False
cg03310376,BRCA_38196,473,True
cg07724670,,3205,False
cg08206267,BRCA_192539,135,True
cg06501113,,11588,False
cg02306493,BRCA_191270,61,True
cg08740240,,139686,False
cg10541755,BRCA_47232,1153,True
cg06584329,,789383,False
cg08184936,,32521,False
cg06913501,,10582,False
cg06968354,BRCA_168007,1567,True
cg08183724,,7907,False
cg10493436,BRCA_12552,1882,True
cg07084004,,3375,False
cg02470690,BRCA_69693,335,True
cg00002837,,28956,False
cg03297163,,6204,False
cg04880990,BRCA_140841,601,True
cg07029411,,25702,False
cg11385003,,7796,False
cg04836442,,14370,False
cg07259382,BRCA_56329,810,True
cg01532168,,2987,False
cg07138024,,4786,False
cg00767496,,3537,False
cg04198308,,40420,False
cg04112590,BRCA_54923,574,True
cg09515953,,8958,False
cg07974025,,17019,False
cg04690998,,5705,False
cg02052895,,36750,False
cg03758150,,146496,False
cg10068989,,27966,False
cg07914084,,163957,False
cg06812747,BRCA_164312,1417,True
cg00416208,,34112,False
cg11354857,,2727,False
cg08654960,BRCA_170444,1749,True
cg07336099,,37379,False
cg06990967,,2549,False
cg05505803,,16912,False
cg02220008,,14464,False
cg02527886,,5251,False
cg08869573,BRCA_140355,301,True
cg10521480,,4441,False
cg06521149,,3480,False
cg04904609,,34398,False
cg08572611,,6331,False
cg01256232,,10464,False
cg01049530,,53353,False
cg07837520,,3865,False
cg06164973,,31283,False
cg08010362,,45005,False
cg04124352,BRCA_58868,198,True
cg09578475,,37525,False
cg06220761,BRCA_116430,1002,True
cg00449021,BRCA_20514,29,True
cg03466717,,11250,False
cg02753511,BRCA_131215,866,True
cg09053536,,13348,False
cg10400362,,4818,False
cg10904972,,20375,False
cg05827631,,76052,False
cg00017842,,9774,False
cg05606376,BRCA_59216,72,True
cg00498591,BRCA_37942,495,True
cg11931953,,5674,False
cg07459019,BRCA_183172,337,True
cg03510486,,3668,False
cg01561916,BRCA_25208,1696,True
cg00504705,,16031,False
cg08892613,,4441,False
cg02878891,,4715,False
cg07115542,BRCA_152322,303,True
cg06800235,,11894,False
cg11354906,,2294,False
cg06808751,,2631,False
cg02955343,,6554,False
cg07953201,,4757,False
cg04555966,BRCA_85211,1283,True
cg10916401,,25003,False
cg07142201,,216202,False
cg07493516,BRCA_52364,1898,True
cg10428345,,18017,False
cg00025347,,4260,False
cg10558887,BRCA_148039,883,True
cg02367828,BRCA_285,1356,True
cg11521079,,5614,False
cg07540421,,4714,False
cg08294044,BRCA_99060,1699,True
cg03659519,,2074,False
cg00893242,,37506,False
cg06609843,,11874,False
cg01510813,BRCA_13289,1321,True
cg00134190,BRCA_66791,1186,True
cg08696727,,35906,False
cg01433955,BRCA_203458,477,True
cg00212119,,23617,False
cg07200280,,3632,False
cg05151803,BRCA_92022,399,True
cg04945331,,6060,False
cg04246526,BRCA_40121,1471,True
cg04607372,BRCA_59785,917,True
cg03345116,,18024,False
cg01364755,BRCA_115771,798,True
cg02167438,,19405,False
cg06900899,,6573,False
cg08281123,,84457,False
cg03756778,,42123,False
cg02784823,,6633,False
cg02662576,,5729,False
cg07185695,,7742,False
cg07522416,,32458,False
cg10503138,,42786,False
cg02126753,,2230,False
cg08129583,BRCA_30786,1274,True
cg01977762,BRCA_189545,183,True
cg00944193,BRCA_148003,1410,True
cg03290602,,4679,False
cg07835051,,119350,False
cg07153010,,51496,False
cg10362542,BRCA_182639,929,True
cg08305436,,21974,False
cg11573566,,4096,False
cg07636145,,2635,False
cg07065111,BRCA_21983,22,True
cg00329270,,2185,False
cg00754103,BRCA_13184,111,True
cg05959459,BRCA_10312,238,True
cg08617683,,2720,False
cg08001668,,36892,False
cg08075204,,33713,False
cg09115646,,7224,False
cg11889692,BRCA_155039,660,True
cg11641102,,14174,False
cg07026433,BRCA_90083,26,True
cg05168015,,16331,False
cg04922681,,6048,False
cg04667538,BRCA_29496,1494,True
cg09817024,,2932,False
cg09699193,,10709,False
cg11621464,BRCA_195096,892,True
cg07869023,,14442,False
cg08965276,,4975,False
cg10041069,,12093,False
cg10287111,,30713,False
cg11024449,,16413,False
cg02858606,,157454,False
cg07159802,,14788,False
cg02220837,BRCA_37674,1268,True
cg09221867,,130254,False
cg01111358,,14324,False
cg07099084,,111897,False
cg04917391,,2074,False
cg00523161,,20606,False
cg06679538,BRCA_164010,535,True
cg06415710,,5765,False
cg09480190,,2411,False
cg06573378,,18610,False
cg04324821,BRCA_29291,720,True
cg07997493,,9161,False
cg11892240,,14937,False
cg10490099,,11208,False
cg05971966,BRCA_59344,230,True
cg10643691,,2349,False
cg00832555,,4930,False
cg08117309,BRCA_151917,399,True
cg09942424,,5157,False
cg02109189,,4785,False
cg01039763,,1671449,False
cg00589181,BRCA_44336,315,True
cg07503658,,3660,False
cg05376754,,2206,False
cg06822340,,34361,False
cg00491021,,11424,False
cg04588165,BRCA_174519,1592,True
cg06692929,,2934,False
cg02061229,,13281,False
cg02788400,,16898,False
cg03037150,,3237,False
cg05586457,BRCA_30787,781,True
cg04780984,,27883,False
cg02734955,,5121,False
cg06460983,,57392,False
cg11264206,,14497,False
cg08815365,,93362,False
cg04443360,BRCA_85738,509,True
cg06746774,BRCA_4132,1951,True
cg02415020,,7172,False
cg01200640,BRCA_92389,272,True
cg09544050,BRCA_106630,61,True
cg07242860,,13398,False
cg10336108,,9641,False
cg08900158,BRCA_146883,1247,True
cg01971547,,3521,False
cg06374079,,3853,False
cg03656099,BRCA_179832,299,True
cg11550547,BRCA_132963,610,True
cg11851456,,4189,False
cg05276155,,13190,False
cg04807036,,6314,False
cg10331119,,53225,False
cg08239804,BRCA_78850,1731,True
cg02860921,,5441,False
cg01755562,BRCA_45538,211,True
cg09656934,,9995,False
cg05384102,,38123,False
cg11431957,,3190,False
cg02387639,,35800,False
cg07906688,,19837,False
cg06636195,,12588,False
cg08934785,,3498,False
cg09340205,,123002,False
cg08767182,BRCA_61495,1878,True
cg09143316,,13396,False
cg04265326,BRCA_79697,317,True
cg08712932,,5114,False
cg00040862,,45180,False
cg00446414,,3356,False
cg08320122,,40321,False
cg08828621,,6966,False
cg01020413,,20561,False
cg08470742,BRCA_81711,871,True
cg09772333,BRCA_195383,1036,True
cg05783139,,55915,False
cg03114253,BRCA_12202,1054,True
cg07317366,,4350,False
cg04493169,,2562,False
cg07616394,,36337,False
cg03742629,BRCA_12447,1241,True
cg03225580,,35613,False
cg00136968,,42581,False
cg07950002,,3784,False
cg02580923,,2361,False
cg03567830,,10514,False
cg07113230,,14036,False
cg02213103,,17080,False
cg04263436,,2995,False
cg07152817,,7060,False
cg00403251,,9630,False
cg06125461,,12674,False
cg01119407,BRCA_145160,295,True
cg05049825,,107761,False
cg02482460,,28358,False
cg05569909,BRCA_122898,958,True
cg02505002,,9204,False
cg07638450,,7018,False
cg07172242,BRCA_170707,1792,True
cg03404143,,2095,False
cg11594940,,2525,False
cg03287339,BRCA_164285,778,True
cg06807397,,2377,False
cg04932551,,6998,False
cg04954559,,58423,False
cg07835424,,4825,False
cg01891736,BRCA_165880,709,True
cg08211704,,27155,False
cg01711160,,61847,False
cg02337614,,3492,False
cg00157668,,24170,False
cg07083818,BRCA_192697,453,True
cg00077547,,3355,False
cg07262247,,29127,False
cg05298458,BRCA_207971,247,True
cg01243312,BRCA_31463,639,True
cg04842146,,5318,False
cg07675998,BRCA_129680,232,True
cg07103517,BRCA_85712,1737,True
cg03969696,,3872,False
cg11854928,,18942,False
cg05334053,BRCA_534,401,True
cg08831002,,27708,False
cg04414946,BRCA_212260,1789,True
cg08141956,,12488,False
cg01174843,,3125,False
cg07354440,BRCA_12552,1814,True
cg04172395,,50416,False
cg11638200,,41578,False
cg05501498,,115571,False
cg02863087,BRCA_14556,436,True
cg02432860,,9449,False
cg10365886,,5280,False
cg08202226,BRCA_11247,111,True
cg02515467,,9207,False
cg08668551,,14954,False
cg02003460,BRCA_58631,500,True
cg09679746,,117900,False
cg00549463,,3005,False
cg08146841,,75797,False
cg10253457,BRCA_164010,759,True
cg03748603,BRCA_188982,328,True
cg06459070,,19213,False
cg05290058,BRCA_125868,271,True
cg06765217,,13640,False
cg03346415,BRCA_169381,1876,True
cg05715492,,2563,False
cg01451391,,10390,False
cg09716613,,15490,False
cg10864979,,11426,False
cg10286163,,36622,False
cg07047570,,17053,False
cg11880646,BRCA_129204,292,True
cg05406088,BRCA_160173,742,True
cg00560277,,3122,False
cg03762823,,11721,False
cg03710889,BRCA_35531,410,True
cg01719405,,23065,False
cg08791424,,16456,False
cg02084214,BRCA_68409,384,True
cg08877374,BRCA_3906,1409,True
cg00947796,,4265,False
cg05089968,,14103,False
cg00830285,BRCA_91440,761,True
cg01805574,,35610,False
cg03538565,,2622,False
cg03202077,,54595,False
cg01835474,,29060,False
cg00541303,,13015,False
cg03260530,BRCA_183576,356,True
cg07301377,,2137,False
cg09374774,,11135,False
cg06176929,,4829,False
cg11193635,,9046,False
cg00030466,,13975,False
cg06576393,BRCA_122518,1401,True
cg05852395,BRCA_181477,33,True
cg05881698,BRCA_189678,5,True
cg10875499,,3199,False
cg08364137,BRCA_92107,508,True
cg10893278,,2022,False
cg02133809,,20368,False
cg06395469,BRCA_69643,522,True
cg03679305,BRCA_1049,264,True
cg09062961,,27126,False
cg00627241,BRCA_209025,823,True
cg00058296,,5968,False
cg06991300,,148828,False
cg08167951,BRCA_88012,1259,True
cg08812692,,22575,False
cg07884867,,8065,False
cg01268541,,2259,False
cg08471835,BRCA_193003,125,True
cg10107890,,11061,False
cg00399059,,3265,False
cg06513375,,880527,False
cg05789595,,12308,False
cg03014934,,4060,False
cg00916536,,58518,False
cg10983208,BRCA_120602,940,True
cg07673838,BRCA_82319,74,True
cg03014829,BRCA_86139,800,True
cg03311339,BRCA_180563,661,True
cg11029301,BRCA_38004,468,True
cg05710540,,11571,False
cg08827307,BRCA_95735,1107,True
cg05030450,,55521,False
cg06749789,,446025,False
cg10279487,BRCA_182487,772,True
cg08368654,,3123,False
cg01476044,BRCA_91117,465,True
cg07688052,,7166,False
cg10365447,BRCA_66813,1513,True
cg07055769,BRCA_153047,1442,True
cg06704122,,5941,False
cg06073141,,10831,False
cg03930313,,4952,False
cg01612247,,4370,False
cg00014830,,2935,False
cg05374412,,6598,False
cg03112087,,19665,False
cg02145866,BRCA_42963,1854,True
cg00753442,,11352,False
cg03192897,,11586,False
cg09129067,,43423,False
cg09691862,BRCA_134213,840,True
cg07399369,,9192,False
cg08939850,BRCA_183086,1639,True
cg10680621,,4642,False
cg00215017,,1031316,False
cg01071314,,35697,False
cg10232893,,11787,False
cg06654127,BRCA_71547,851,True
cg02013838,,4847,False
cg04166042,,22710,False
cg01797257,,3662,False
cg01733570,,10518,False
cg01508380,BRCA_151400,431,True
cg05157725,,11289,False
cg00933859,,19446,False
cg07034850,,16733,False
cg03229780,,5681,False
cg02776664,BRCA_191200,281,True
cg10487659,BRCA_165210,370,True
cg05917460,,2306,False
cg01289782,,10176,False
cg01534145,,38549,False
cg00221185,,4480,False
cg10795342,BRCA_82320,495,True
cg07957294,,19184,False
cg11714406,,9794,False
cg06271387,BRCA_165488,788,True
cg08874609,,5589,False
cg00653960,BRCA_1522,1691,True
cg03898385,,2960,False
cg05616550,,66302,False
cg09397246,BRCA_162657,860,True
cg06637812,,2070,False
cg07134230,,5250,False
cg07177437,,3552,False
cg06874326,,4772,False
cg09331651,,32751,False
cg00007326,,30714,False
cg00546307,BRCA_306,1348,True
cg08373769,,36356,False
cg09383816,BRCA_98596,53,True
cg10856894,,4166,False
cg05964600,,33346,False
cg11860091,BRCA_57914,52,True
cg01781974,,12534,False
cg01794426,,3282,False
cg05393023,,4105,False
cg05303057,,6692,False
cg03252829,BRCA_71396,1546,True
cg00701514,BRCA_164420,28,True
cg11018723,,9389,False
cg09384610,BRCA_145160,345,True
cg03136493,BRCA_81369,898,True
cg05102581,BRCA_184427,558,True
cg06745030,BRCA_36351,148,True
cg03397575,,22670,False
cg00016127,,21600,False
cg07735920,,67283,False
cg02751731,,3221,False
cg07447742,BRCA_148767,84,True
cg03486986,BRCA_150851,485,True
cg01392772,,11211,False
cg09038676,BRCA_130563,249,True
cg05259836,,10538,False
cg04550524,,187169,False
cg05231018,,2477,False
cg10512875,BRCA_139392,1981,True
cg06392126,,18925,False
cg06201680,BRCA_91712,667,True
cg11724759,BRCA_7215,703,True
cg06745944,,2707,False
cg05099387,BRCA_33316,187,True
cg05578056,BRCA_164358,1906,True
cg04677581,,6766,False
cg04890607,,7747,False
cg04330516,,68958,False
cg08438033,,57705,False
cg03125427,BRCA_170857,1978,True
cg07224726,BRCA_62217,1847,True
cg02044895,,56878,False
cg08047457,,3075,False
cg10614021,,21218,False
cg10348972,,7438,False
cg00715811,,6022,False
cg06090895,,29958,False
cg05245533,BRCA_164332,174,True
cg08056069,,11792,False
cg10861135,BRCA_108218,1022,True
cg01269620,,3030,False
cg09929763,,2269,False
cg10821830,,9980,False
cg03548062,,9602,False
cg02560364,,70280,False
cg04522792,,2244,False
cg04963424,,12995,False
cg04273811,,27719,False
cg10950111,,7301,False
cg05280806,,22479,False
cg11005692,,9775,False
cg11468898,,16891,False
cg09275956,,22715,False
cg02849401,,5346,False
cg02084485,,5876,False
cg00278392,BRCA_68602,231,True
cg07430472,,31028,False
cg08747557,,16548,False
cg07171609,,27480,False
cg06865363,,2543,False
cg03966010,,2749,False
cg01911708,,11263,False
cg00117172,,8288,False
cg08767637,,3531,False
cg09299053,,59677,False
cg11645465,,6854,False
cg09615276,,84046,False
cg09307742,BRCA_146311,1197,True
cg04910921,,75613,False
cg09256413,,69166,False
cg09400037,,2865,False
cg11389764,,34398,False
cg00575665,,23708,False
cg04480386,BRCA_58588,79,True
cg08246090,BRCA_151249,527,True
cg06315569,,16296,False
cg11309496,,26550,False
cg05295557,BRCA_152322,300,True
cg04396251,,1188066,False
cg08351100,,3972,False
cg03962527,,283874,False
cg09867598,,10188,False
cg10949113,,50081,False
cg01962821,BRCA_14519,1378,True
cg05703053,,2137,False
cg04306063,,6932,False
cg03087912,,13124,False
cg00338116,,12656,False
cg04575395,BRCA_50402,1106,True
cg11195065,BRCA_123921,1014,True
cg09283750,,12755,False
cg03181248,,17938,False
cg04431946,,13045,False
cg10793390,,31467,False
cg10610477,,5542,False
cg05643964,BRCA_204068,80,True
cg06780216,,7265,False
cg06594281,,6382,False
cg02320356,,2945,False
cg04833011,BRCA_163415,236,True
cg06372467,,15596,False
cg02674352,,2122,False
cg04834770,,8978,False
cg00572387,,2798,False
cg08239375,,2647,False
cg02019988,BRCA_40843,1543,True
cg00674706,,4861,False
cg02925229,BRCA_45493,893,True
cg05114100,,273426,False
cg01283834,,21555,False
cg01108118,BRCA_66679,538,True
cg10722799,,2499,False
cg09168604,,4709,False
cg03585453,,178142,False
cg02168303,,12461,False
cg02743569,,25017,False
cg04812644,,5388,False
cg04483289,,27003,False
cg07220152,BRCA_69992,312,True
cg08548396,BRCA_69901,368,True
cg03926815,BRCA_38338,1626,True
cg05441518,BRCA_115799,1926,True
cg07808967,,2463,False
cg05361096,,22492,False
cg03001143,,11991,False
cg09896120,,2325,False
cg05172259,BRCA_152436,113,True
cg06067842,,3883,False
cg10129665,BRCA_141124,1486,True
cg04842426,,186451,False
cg09721427,,32485,False
cg00186529,,2826,False
cg04938107,,15663,False
cg10578777,,8852,False
cg00940502,,113812,False
cg00647046,,947245,False
cg06507590,,20545,False
cg11965976,BRCA_62743,1307,True
cg03968755,,18824,False
cg01404317,BRCA_148039,473,True
cg06086990,,12390,False
cg08737770,,4357,False
cg06320418,BRCA_164321,1824,True
cg09816471,,4099,False
cg07068327,,1113912,False
cg08177968,,119139,False
cg04479219,,44946,False
cg07567767,,31426,False
cg01907837,BRCA_71215,506,True
cg06266993,,49407,False
cg06246646,BRCA_102638,329,True
cg11946719,,4815,False
cg04702940,BRCA_130151,1314,True
cg00659931,,29690,False
cg06432426,,13614,False
cg02824888,,3347,False
cg10489318,,8441,False
cg00997853,BRCA_139173,1568,True
cg00662647,,6921,False
cg04073257,,5295,False
cg11015893,BRCA_90580,687,True
cg03633948,,16874,False
cg05158074,,35395,False
cg02829712,BRCA_63706,1307,True
cg04329478,,13048,False
cg09302903,,6818,False
cg06845853,,9275,False
cg07005294,,4475,False
cg00782323,,10195,False
cg05471296,,3955,False
cg06159404,,2354,False
cg00045762,,63415,False
cg09422239,,5041,False
cg00525277,,5645,False
cg10772290,,2693,False
cg09500738,,14317,False
cg10768108,,29039,False
cg11780546,BRCA_82320,221,True
cg01889461,,16174,False
cg11377730,,8837,False
cg09424526,,14761,False
cg11608147,,14575,False
cg09564361,,15463,False
cg04651137,,8019,False
cg02826735,,15192,False
cg01659176,,31624,False
cg04887807,,3523,False
cg03323953,,7869,False
cg08065231,,37521,False
cg02898915,,2543,False
cg07622521,BRCA_28403,1502,True
cg00457403,,16180,False
cg04565067,,53934,False
cg09422450,,4734,False
cg01719157,,21337,False
cg08596308,,5799,False
cg08872313,BRCA_42095,36,True
cg11971771,BRCA_197804,1761,True
cg08993368,,6609,False
cg01616225,,5271,False
cg11159604,,29357,False
cg11335133,,37994,False
cg00178359,BRCA_168523,1154,True
cg03585263,BRCA_191795,94,True
cg09868882,,53586,False
cg00672936,BRCA_95689,1149,True
cg08484265,BRCA_66560,299,True
cg10749912,BRCA_122518,883,True
cg10959711,BRCA_11136,814,True
cg09854317,,3508,False
cg00270778,,49876,False
cg08462924,BRCA_5043,1357,True
cg08234354,,17652,False
cg03323462,BRCA_174519,1395,True
cg02966332,BRCA_204068,181,True
cg01800148,BRCA_1049,1663,True
cg11825059,,87121,False
cg07759903,,49880,False
cg02986266,,35107,False
cg07845873,,22596,False
cg06738356,,3401,False
cg11408933,BRCA_63808,1127,True
cg04813697,,7294,False
cg01500527,,4116,False
cg10091994,,2222,False
cg05449257,,6490,False
cg00404641,,27648,False
cg07429623,BRCA_16895,592,True
cg02455820,,4643,False
cg09732036,,5306,False
cg01491071,,10895,False
cg06269673,,50917,False
cg08894761,,6187,False
cg11316887,,3430,False
cg04508870,,13741,False
cg04653522,,15689,False
cg01740766,,10129,False
cg05935520,,114378,False
cg03341413,,12070,False
cg08546690,,8468,False
cg10908869,BRCA_73750,1705,True
cg09442489,,55930,False
cg07893900,,3848,False
cg02570079,,22197,False
cg03882698,BRCA_42088,1066,True
cg09638407,,10132,False
cg10103850,,66367,False
cg11145461,BRCA_15978,676,True
cg06268921,,35261,False
cg00699945,,813284,False
cg00318631,,5150,False
cg10663765,,5383,False
cg02571738,BRCA_62815,22,True
cg11182199,BRCA_80100,1304,True
cg10416963,,20387,False
cg03957547,,6221,False
cg06092265,,48575,False
cg07992659,,4308,False
cg07665521,,10783,False
cg04904458,,2603,False
cg08474901,BRCA_116847,51,True
cg11389172,,11862,False
cg10787000,,15590,False
cg08572513,BRCA_136201,269,True
cg00314343,,62917,False
cg07163026,BRCA_156229,613,True
cg11230031,,3795,False
cg09920605,,7351,False
cg03478199,,48166,False
cg05254095,BRCA_170378,1616,True
cg00704734,,22358,False
cg02729822,BRCA_128730,1348,True
cg01513307,,2955,False
cg04528477,,39418,False
cg06014401,,3099,False
cg08743751,,18581,False
cg03872376,BRCA_20887,1101,True
cg05452899,,4159,False
cg05548393,,3399,False
cg09749844,,10908,False
cg09678971,,18084,False
cg03929366,,15788,False
cg03012452,,4356,False
cg03352168,,28007,False
cg01534253,,36666,False
cg07402669,BRCA_203437,206,True
cg04348305,BRCA_199509,421,True
cg06524479,BRCA_168925,1819,True
cg11865553,BRCA_161360,716,True
cg04597433,,19938,False
cg10725720,,27148,False
cg07788369,,22798,False
cg04937184,,3173,False
cg11918450,,7429,False
cg11841239,,2890,False
cg05754939,,21096,False
cg10160276,,9233,False
cg04574896,BRCA_8991,1249,True
cg11609001,,6681,False
cg01146320,,8266,False
cg00493609,BRCA_166030,1597,True
cg07184807,,3433,False
cg10941721,,25926,False
cg10277651,,12979,False
cg05493394,,5542,False
cg06294319,,3342,False
cg06762332,,6828,False
cg07030373,,2167,False
cg03914397,,4678,False
cg00812438,,4313,False
cg09391032,,5290,False
cg11631523,,4742,False
cg11652691,,51472,False
cg07185131,,8212,False
cg11034318,,28329,False
cg05133179,,4988,False
cg08315770,BRCA_71396,1267,True
cg05760402,,880142,False
cg03628719,,8104,False
cg04090392,,6980,False
cg08331733,,22930,False
cg03533829,,8801,False
cg04001333,,49769,False
cg05159188,BRCA_69432,318,True
cg06807993,,9133,False
cg03962451,,4619,False
cg02916102,,6187,False
cg10706230,,21760,False
cg06907418,,35615,False
cg01030178,BRCA_98570,56,True
cg07249730,,5913,False
cg05738240,,18020,False
cg02202411,,39539,False
cg01169021,BRCA_63774,1885,True
cg00459232,BRCA_137470,1028,True
cg01708458,,71233,False
cg07296597,,9316,False
cg08200507,BRCA_71886,1609,True
cg03575641,,2847,False
cg05304729,,17284,False
cg06621452,,3846,False
cg11774399,BRCA_190028,521,True
cg05647756,,3522,False
cg11571585,,7375,False
cg07854132,,10069,False
cg00688447,,14000,False
cg11310812,BRCA_181060,612,True
cg07931391,,4065,False
cg08009622,,9216,False
cg02356551,,5307,False
cg07097417,,2326,False
cg07834418,,69547,False
cg05593589,,31204,False
cg01564640,BRCA_195097,1889,True
cg03224396,BRCA_18637,1130,True
cg04518186,BRCA_132686,197,True
cg04262465,BRCA_156440,54,True
cg09756225,BRCA_86940,80,True
cg09103619,,21188,False
cg08848140,,16021,False
cg00714888,BRCA_2110,5,True
cg00750917,,8454,False
cg08689445,BRCA_214611,271,True
cg00556112,BRCA_125479,55,True
cg03746823,,2814,False
cg07474083,,9618,False
cg01755009,,15612,False
cg04113693,BRCA_12100,213,True
cg04579493,,2381,False
cg00005166,BRCA_165084,122,True
cg11608390,BRCA_66873,30,True
cg05376362,,72327,False
cg11640756,,41658,False
cg10754794,BRCA_122157,459,True
cg06984848,BRCA_170444,886,True
cg06299997,,19165,False
cg07963563,,14226,False
cg07372450,,19087,False
cg08460041,,3221,False
cg05821789,,3722,False
cg11605903,,54656,False
cg09503045,,4971,False
cg07785314,,10466,False
cg11901695,,59589,False
cg06890890,,2265,False
cg01198491,,7014,False
cg10631716,,10859,False
cg11022432,,6137,False
cg05702218,,5338,False
cg08958015,BRCA_140354,305,True
cg03468463,BRCA_187601,1961,True
cg11133524,,28645,False
cg09308639,,25929,False
cg01711344,,10964,False
cg10021924,BRCA_146730,1134,True
cg05298696,,2046,False
cg05181041,,7458,False
cg02846963,,18162,False
cg08077807,,123402,False
cg02375166,,5216,False
cg02477931,,37095,False
cg11319389,BRCA_201016,485,True
cg10953436,,5317,False
cg11322797,,50754,False
cg08041408,BRCA_92237,336,True
cg02725055,,166293,False
cg11144555,,6656,False
cg07676517,,193271,False
cg09965733,,55517,False
cg11539780,,16230,False
cg02165743,,4627,False
cg11562225,BRCA_97806,1769,True
cg03225476,,5917,False
cg08351536,BRCA_180112,1720,True
cg05471484,,43311,False
cg09879382,BRCA_68660,68,True
cg10024484,,3162,False
cg10677372,,77211,False
cg05517610,,2407,False
cg01401465,,12954,False
cg11789321,,8787,False
cg11348338,,25038,False
cg03072740,BRCA_141306,573,True
cg11229343,,704815,False
cg09096555,,25817,False
cg06339573,BRCA_92217,1514,True
cg06276653,,50710,False
cg02064106,,18554,False
cg07100000,,15375,False
cg02732941,,4141,False
cg03650282,,2342,False
cg09220563,,8110,False
cg05392244,BRCA_66789,9,True
cg00909646,,40936,False
cg05797623,,7004,False
cg05757475,,32710,False
cg01950474,BRCA_56825,961,True
cg04822456,,14791,False
cg10603385,,3210,False
cg02541031,,11108,False
cg01939453,BRCA_81309,262,True
cg06386478,BRCA_93309,1759,True
cg08180070,BRCA_29849,1782,True
cg05140648,,24091,False
cg07784293,BRCA_46026,398,True
cg05641033,,4759,False
cg11410023,,138771,False
cg08422599,,3273,False
cg00169617,,40787,False
cg07963363,,8099,False
cg07146104,,10248,False
cg03609427,,16381,False
cg03876150,BRCA_29405,1863,True
cg09087503,,5970,False
cg08296680,BRCA_183443,1499,True
cg04055874,,3744,False
cg01360586,,11953,False
cg08472222,,2886,False
cg04612055,,22973,False
cg11382963,,7252,False
cg11203293,,5635,False
cg03021296,,32024,False
cg01637734,BRCA_12173,787,True
cg09560763,,28792,False
cg01167755,,2771,False
cg03350163,,2152,False
cg08827756,BRCA_67385,229,True
cg09529093,BRCA_102366,575,True
cg07608094,,2655,False
cg08734477,,46325,False
cg09815642,,92166,False
cg11528176,,3333,False
cg06908460,BRCA_109253,73,True
cg10881749,,6783,False
cg05422049,BRCA_21745,1903,True
cg11856334,,14087,False
cg08258582,,2901,False
cg05046589,,4794,False
cg10467038,,10086,False
cg09052083,,5728,False
cg07542748,BRCA_82383,1867,True
cg03345454,,10250,False
cg02809746,,20731,False
cg11322877,,19718,False
cg08243465,,25876,False
cg08813925,,7661,False
cg03260021,,8709,False
cg06928484,BRCA_12405,257,True
cg08396863,,2696,False
cg04017533,,12025,False
cg10963518,,13545,False
cg01093786,BRCA_134481,1538,True
cg01627475,,235575,False
cg08065795,,2298,False
cg05448404,BRCA_49893,421,True
cg00617064,,7177,False
cg10573505,BRCA_14635,1209,True
cg07992044,,3100,False
cg04038844,BRCA_112207,484,True
cg07456681,BRCA_166199,222,True
cg03755177,BRCA_85227,1648,True
cg02035698,,54440,False
cg00068038,,7402,False
cg05828191,,7019,False
cg03819783,,44217,False
cg02434443,,4016,False
cg11760593,BRCA_152436,260,True
cg09946832,BRCA_106678,813,True
cg08858649,,8701,False
cg09019936,,21662,False
cg01277506,,8348,False
cg06357561,BRCA_176542,1685,True
cg06545330,,7187,False
cg05626226,,149638,False
cg04227922,,16735,False
cg09749813,,9065,False
cg00369811,,15881,False
cg11823142,BRCA_69553,1704,True
cg04438997,,11558,False
cg01792876,BRCA_102966,493,True
cg03611868,BRCA_118815,1489,True
cg09353705,BRCA_6782,1205,True
cg01151029,,2903,False
cg01444051,BRCA_107039,826,True
cg00800109,,8268,False
cg08829299,BRCA_125367,398,True
cg06353345,,42230,False
cg07893801,,6363,False
cg08937774,,2724,False
cg05057352,,10016,False
cg09674469,,5672,False
cg11145776,,14054,False
cg10838385,,75420,False
cg11905007,,13113,False
cg02101307,,197816,False
cg09582880,,3265,False
cg02208657,,16131,False
cg11108269,BRCA_152322,658,True
cg03151258,,7320,False
cg11792470,,9474,False
cg10316857,,22120,False
cg01954567,,31526,False
cg09614479,,62113,False
cg03850529,BRCA_180856,52,True
cg10848373,,6517,False
cg08597345,,4841,False
cg05855983,BRCA_118010,37,True
cg05328461,BRCA_190346,231,True
cg04414459,BRCA_117755,853,True
cg07050692,,7308,False
cg11453719,,2135,False
cg11778362,,5366,False
cg00581154,,10221,False
cg02914112,,17814,False
cg03032214,,2231,False
cg02599464,,15287,False
cg08271804,,15339,False
cg08846467,BRCA_164537,185,True
cg06653699,,17719,False
cg08380379,,8224,False
cg03129645,,27492,False
cg02237470,BRCA_97424,772,True
cg07412281,,6809,False
cg10836406,BRCA_68515,166,True
cg09474442,BRCA_30404,1454,True
cg09160231,,22369,False
cg01937068,,5042,False
cg11187204,,2663,False
cg06266582,,2300,False
cg09049672,BRCA_65088,1452,True
cg05229598,BRCA_146856,828,True
cg10182697,,812990,False
cg07765706,,2284,False
cg05766896,,8483,False
cg06485308,,54300,False
cg08221350,,1196471,False
cg11374596,BRCA_24216,1625,True
cg03760919,BRCA_100390,655,True
cg00871610,,9592,False
cg07764786,,7529,False
cg09505788,,18253,False
cg05645982,,7258,False
cg06263495,BRCA_125801,1587,True
cg08565979,,9064,False
cg03661567,,17486,False
cg08998192,,8381,False
cg09615821,BRCA_169511,46,True
cg07522644,BRCA_71946,1579,True
cg09533708,,30154,False
cg06622573,,43387,False
cg05201970,BRCA_59650,172,True
cg05135828,,173451,False
cg04724659,,27682,False
cg07168837,BRCA_496,1112,True
cg00360414,,3877,False
cg00844298,,8493,False
cg02578929,,9584,False
cg08090164,,3200,False
cg09479015,,15438,False
cg05353869,BRCA_132290,1137,True
cg08661007,,49159,False
cg11267879,,18951,False
cg05846378,,36287,False
cg10486998,,2253,False
cg00794400,,12818,False
cg01190276,,4032,False
cg05364759,,6884,False
cg01648659,,8229,False
cg03128890,,5485,False
cg05393726,BRCA_45147,1355,True
cg01185080,,9521,False
cg01702055,BRCA_68171,35,True
cg01564705,,19779,False
cg11309704,,28638,False
cg10854092,,198564,False
cg04902327,,56156,False
cg10615150,,2620,False
cg04615865,BRCA_146028,0,True
cg08359464,,2175,False
cg11187796,BRCA_50316,94,True
cg00371239,,28858,False
cg11074070,,86480,False
cg06141025,,5780,False
cg04213213,,5596,False
cg03199651,,3162,False
cg02915215,BRCA_105505,77,True
cg00805619,,633256,False
cg01370449,BRCA_83935,1086,True
cg08151051,BRCA_92252,1547,True
cg05508084,,14388,False
cg07220922,BRCA_38044,1768,True
cg08525314,BRCA_188800,79,True
cg03400849,,87934,False
cg09533868,,2188,False
cg08941173,,2416,False
cg10707565,,10306,False
cg06883279,,16844,False
cg00557872,,16748,False
cg08904151,BRCA_92220,26,True
cg03395511,BRCA_66641,161,True
cg10143426,BRCA_551,1812,True
cg05373339,,16651,False
cg02459016,,11658,False
cg10434728,,2388,False
cg11664467,,2598,False
cg04105712,,10805,False
cg06109379,,15680,False
cg06008912,,43630,False
cg07071491,,4045,False
cg08474748,,8779,False
cg04599341,BRCA_164670,413,True
cg04972770,,336766,False
cg00128425,,189739,False
cg02652072,,8303,False
cg01342115,BRCA_45177,1104,True
cg07144328,,4498,False
cg00031973,BRCA_85617,217,True
cg01462856,,3136,False
cg08217285,,24546,False
cg09222982,,56219,False
cg08988420,,25036,False
cg11019211,BRCA_179267,142,True
cg09907936,BRCA_197702,10,True
cg06801941,BRCA_57708,1064,True
cg08230268,,242598,False
cg09723979,,6620,False
cg10142520,,9487,False
cg04364261,,3277,False
cg01676182,,880180,False
cg05785805,,21156,False
cg05310764,,5478,False
cg07808555,BRCA_9244,1560,True
cg05736424,,3292,False
cg04243822,,6700,False
cg09677243,,2570,False
cg07674834,,3544,False
cg08198540,,6722,False
cg03337341,,5988,False
cg04123776,,10869,False
cg04724873,BRCA_303,3,True
cg08835113,,4739,False
cg04103847,,69842,False
cg03325843,,11827,False
cg03655371,,15229,False
cg10852861,,8548,False
cg04311971,,27993,False
cg05355411,BRCA_98836,414,True
cg01357292,,11428,False
cg02463988,,3882,False
cg06172859,,40565,False
cg00947599,BRCA_82259,143,True
cg06022664,,2710,False
cg10207553,,6854,False
cg06976144,,3387,False
cg05009601,,50256,False
cg07991112,BRCA_69693,1540,True
cg07713896,BRCA_100618,1196,True
cg11707067,,465977,False
cg09263325,,22412,False
cg10246531,BRCA_170857,1832,True
cg09527109,,15134,False
cg07538339,BRCA_100393,962,True
cg09215588,,64448,False
cg04911139,,1217639,False
cg04839975,,17422,False
cg02797548,BRCA_39197,1182,True
cg05454076,,8954,False
cg09694898,,28818,False
cg06286796,,14268,False
cg05375811,,18062,False
cg01734112,,2732,False
cg09944398,,15199,False
cg10980774,,26727,False
cg07464408,,8455,False
cg01781662,,8319,False
cg06738548,,2699,False
cg07337793,BRCA_25213,182,True
cg01710351,,6268,False
cg04561503,BRCA_156455,1413,True
cg02807859,,4849,False
cg10726559,,14864,False
cg06947913,BRCA_140480,411,True
cg00306893,,55354,False
cg00343906,,3255,False
cg04572429,,6750,False
cg05475524,BRCA_130221,2,True
cg00061031,,4163,False
cg07316846,,11529,False
cg06654901,,7094,False
cg10090418,,3691,False
cg02659920,BRCA_125505,98,True
cg07800665,,6368,False
cg03228893,,2962,False
cg10368128,,6792,False
cg07025157,BRCA_54952,835,True
cg06484274,,15289,False
cg07914866,,4066,False
cg02975060,,3642,False
cg03530754,,10133,False
cg03539903,BRCA_202685,652,True
cg05250932,BRCA_197351,2,True
cg02397768,,5115,False
cg02879662,BRCA_196077,621,True
cg05671968,,2613,False
cg07829379,,5084,False
cg09234936,,29092,False
cg01806520,BRCA_100394,0,True
cg02895639,,41386,False
cg05329692,,21789,False
cg02890194,BRCA_92129,803,True
cg06750832,BRCA_9244,1539,True
cg02047547,,2328,False
cg00889769,,65285,False
cg11785425,BRCA_99712,1438,True
cg05716270,BRCA_164410,558,True
cg08924023,,27942,False
cg01424562,,3441,False
cg05122040,,4530,False
cg02558026,BRCA_167553,735,True
cg02675173,,26557,False
cg10946435,BRCA_11401,295,True
cg00514665,,28557,False
cg00644351,,13367,False
cg11241663,,20415,False
cg03175771,BRCA_167502,658,True
cg11858226,,6079,False
cg02120774,,7854,False
cg01493728,,8992,False
cg07783282,BRCA_143945,50,True
cg05939089,,25282,False
cg04089693,,46555,False
cg10224600,,8857,False
cg06512263,,3102,False
cg01866330,BRCA_106257,223,True
cg04613313,BRCA_149570,1524,True
cg00636427,,19049,False
cg03533216,,4459,False
cg10741308,,4763,False
cg08819008,BRCA_134992,1512,True
cg01030081,,229489,False
cg05654780,BRCA_12014,626,True
cg03532926,,17111,False
cg09610558,,30704,False
cg11597475,,179468,False
cg06270993,BRCA_83513,891,True
cg01824969,,39925,False
cg01495122,,7841,False
cg10211062,,8178,False
cg00254133,,11185,False
cg00296182,,5202,False
cg10655471,,6792,False
cg05512111,,150086,False
cg09640425,BRCA_92282,1361,True
cg03604073,BRCA_196228,261,True
cg11486078,BRCA_102125,594,True
cg06105093,BRCA_166551,1864,True
cg03590237,,15765,False
cg00636508,,13927,False
cg01462537,BRCA_115817,1227,True
cg01081584,BRCA_158073,1580,True
cg02897989,,17990,False
cg10582608,,5925,False
cg07990390,,8043,False
cg01366595,BRCA_59460,298,True
cg10544251,BRCA_11884,1269,True
cg04711162,,12870,False
cg01800521,BRCA_199248,1880,True
cg00981443,,15367,False
cg04825327,,42728,False
cg02573703,,24079,False
cg11342452,,813096,False
cg06551177,,39982,False
cg02360928,BRCA_133655,1935,True
cg11743675,,64842,False
cg02694017,,11670,False
cg08536841,,21929,False
cg07489132,,68541,False
cg08545129,,18460,False
cg06331700,,4566,False
cg01390574,BRCA_90054,1767,True
cg03265969,,35892,False
cg10352205,,6779,False
cg01698108,,9708,False
cg08101036,BRCA_83905,466,True
cg08871964,,6268,False
cg02495823,,12175,False
cg09025324,,3405,False
cg10633526,BRCA_38418,342,True
cg03238797,,12364,False
cg03783110,BRCA_171250,320,True
cg00651400,BRCA_67036,1065,True
cg11142506,,131519,False
cg02991085,,176988,False
cg04818594,BRCA_135717,382,True
cg07688836,,3197,False
cg04138746,,2002,False
cg08221830,BRCA_58631,522,True
cg06113801,,6499,False
cg10949007,,77964,False
cg10964421,BRCA_93614,821,True
cg04542080,,10132,False
cg11013726,,15002,False
cg09126279,,2072,False
cg01736784,,100608,False
cg00307214,BRCA_154315,817,True
cg07031408,BRCA_147239,903,True
cg04804717,,45027,False
cg01697732,,27939,False
cg02616418,,40061,False
cg10000952,,5440,False
cg01942751,,5589,False
cg11354603,BRCA_57674,731,True
cg01794103,BRCA_161527,209,True
cg01972751,,3122,False
cg03301579,BRCA_189252,1585,True
cg01116067,,13433,False
cg11505037,,3904,False
cg10171125,,12418,False
cg06411129,,5359,False
cg08045488,,2076,False
cg00152008,,15689,False
cg08514594,,19616,False
cg10947146,,8465,False
cg09781994,,94142,False
cg08781365,BRCA_170444,1536,True
cg07379055,,9160,False
cg05833351,,52632,False
cg01254322,BRCA_140110,1695,True
cg06301178,,71724,False
cg03085549,BRCA_169742,1842,True
cg06970571,,8817,False
cg00566369,,11013,False
cg05537387,BRCA_86066,1132,True
cg10566610,,13290,False
cg07014174,,3317,False
cg03503295,BRCA_58084,50,True
cg06506966,,11154,False
cg06679494,,17589,False
cg06792448,,14516,False
cg03132773,,36784,False
cg00468320,,15295,False
cg06039161,BRCA_131642,1599,True
cg07949720,,6981,False
cg03396005,,2214,False
cg08977270,,7873,False
cg06491590,,12886,False
cg03475293,BRCA_67507,220,True
cg06704897,BRCA_162935,1649,True
cg07870914,BRCA_5763,1522,True
cg08097882,,4783,False
cg11183632,,2184,False
cg04609576,,5587,False
cg04609163,,100610,False
cg10092691,,5394,False
cg07582923,,2021,False
cg02344943,,71023,False
cg06997184,,2125,False
cg05560435,,7552,False
cg01622948,,9199,False
cg02862885,,30734,False
cg01670677,,9889,False
cg10643982,,175140,False
cg10881615,,4673,False
cg08802482,,6120,False
cg00259234,BRCA_183323,172,True
cg10429573,,31769,False
cg06834689,,20432,False
cg08949408,,18131,False
cg01981601,,7680,False
cg00577847,,2969,False
cg10876076,,16285,False
cg10028884,BRCA_172085,886,True
cg04887494,BRCA_188930,267,True
cg04234680,BRCA_152990,479,True
cg09290866,,2263,False
cg08533934,,14537,False
cg01250407,,9767,False
cg04464504,BRCA_91374,225,True
cg03084996,,3184,False
cg08999807,,50627,False
cg02005231,,11168,False
cg11378001,,5011,False
cg11917579,,67401,False
cg03479715,,26902,False
cg02178763,BRCA_199265,238,True
cg11119419,BRCA_122815,278,True
cg04310104,,30540,False
cg11755405,,3626,False
cg00964963,,9608,False
cg08318726,,30719,False
cg05473804,,6533,False
cg07742017,,8353,False
cg05721839,,964231,False
cg11358405,,6465,False
cg08084502,,29789,False
cg03593550,,11565,False
cg11911951,BRCA_164494,488,True
cg10583297,,8468,False
cg08509172,BRCA_192905,1065,True
cg02698622,,595199,False
cg08871855,,2127,False
cg11411564,BRCA_65129,1145,True
cg04922015,,30327,False
cg11876492,,2419,False
cg06073449,,4628,False
cg02120658,,18273,False
cg05008843,,54045,False
cg05201789,,4839,False
cg08482215,,22393,False
cg02475276,,7221,False
cg06781608,BRCA_92216,126,True
cg02262056,,3534,False
cg06873343,BRCA_82224,670,True
cg02218200,,328080,False
cg08889114,,2166,False
cg05336698,,3460,False
cg11234013,,52340,False
cg11974293,,29513,False
cg01195196,BRCA_164891,367,True
cg03016934,,3463,False
cg07497520,,6584,False
cg03623130,,6718,False
cg10617784,,3546,False
cg06814287,BRCA_70326,1581,True
cg00963169,,19943,False
cg06647007,,6328,False
cg02096663,,93134,False
cg04461949,BRCA_21223,711,True
cg04598224,BRCA_190857,861,True
cg11100386,,8456,False
cg03293883,,20429,False
cg02083836,,25577,False
cg01367097,,10324,False
cg04414767,,12275,False
cg06273376,,40030,False
cg01091951,BRCA_59465,101,True
cg04006565,,133834,False
cg04500730,BRCA_501,1167,True
cg07165167,,59675,False
cg02000882,,4686,False
cg05098590,,284374,False
cg04964617,,19361,False
cg03171882,,38608,False
cg00851394,,3969,False
cg08244156,,5046,False
cg02737619,,2317,False
cg10658307,BRCA_134409,1254,True
cg04383154,BRCA_183548,236,True
cg01258522,,2945,False
cg09916157,,6406,False
cg07495027,,71154,False
cg05904135,,812005,False
cg08851727,BRCA_683,1361,True
cg04707013,,25971,False
cg00299737,,2456,False
